0,1,2,4,status,gene-symbol,gene-name,ensembl-id,chromosome,genetic-category,gene-score,syndromic,eagle,number-of-reports
RSPO4,ENSG00000101282,ENSP00000217260,0,,,,,,,,,,
IRS2,ENSG00000185950,ENSP00000365016,0,,,,,,,,,,
BMP2,ENSG00000125845,ENSP00000368104,0,,,,,,,,,,
PDYN,ENSG00000101327,ENSP00000217305,0,,,,,,,,,,
GRK1,ENSG00000185974,ENSP00000334876,0,,,,,,,,,,
TRIOBP,ENSG00000100106,ENSP00000496394,0,,,,,,,,,,
JAG1,ENSG00000101384,ENSP00000254958,0,,,,,,,,,,
KCNE2,ENSG00000159197,ENSP00000290310,0,,,,,,,,,,
RFXAP,ENSG00000133111,ENSP00000255476,0,,,,,,,,,,
ALG12,ENSG00000182858,ENSP00000333813,0,,,,,,,,,,
SLC2A10,ENSG00000197496,ENSP00000352216,0,,,,,,,,,,
SGCG,ENSG00000102683,ENSP00000218867,0,,,,,,,,,,
TMPRSS3,ENSG00000160183,ENSP00000494414,0,,,,,,,,,,
PTGIS,ENSG00000124212,ENSP00000244043,0,,,,,,,,,,
ALOX5AP,ENSG00000132965,ENSP00000369858,0,,,,,,,,,,
KLF6,ENSG00000067082,ENSP00000419923,0,,,,,,,,,,
TMPRSS6,ENSG00000187045,ENSP00000501573,0,,,,,,,,,,
OCA2,ENSG00000104044,ENSP00000346659,0,,,,,,,,,,
OTC,ENSG00000036473,ENSP00000039007,0,,,,,,,,,,
CST3,ENSG00000101439,ENSP00000366124,0,,,,,,,,,,
IDH3B,ENSG00000101365,ENSP00000370223,0,,,,,,,,,,
GJB6,ENSG00000121742,ENSP00000493834,0,,,,,,,,,,
RXFP2,ENSG00000133105,ENSP00000298386,0,,,,,,,,,,
RP2,ENSG00000102218,ENSP00000218340,0,,,,,,,,,,
GRHPR,ENSG00000137106,ENSP00000313432,0,,,,,,,,,,
CLCN5,ENSG00000171365,ENSP00000365259,0,,,,,,,,,,
MYO3A,ENSG00000095777,ENSP00000495965,0,,,,,,,,,,
RNF6,ENSG00000127870,ENSP00000371000,0,,,,,,,,,,
SPATA7,ENSG00000042317,ENSP00000377176,0,,,,,,,,,,
CLN5,ENSG00000102805,ENSP00000366673,0,,,,,,,,,,
BMP4,ENSG00000125378,ENSP00000245451,0,,,,,,,,,,
ERCC5,ENSG00000134899,ENSP00000498881,0,,,,,,,,,,
HLCS,ENSG00000159267,ENSP00000502087,0,,,,,,,,,,
PSAT1,ENSG00000135069,ENSP00000365773,0,,,,,,,,,,
EDN3,ENSG00000124205,ENSP00000337128,0,,,,,,,,,,
AXIN1,ENSG00000103126,ENSP00000262320,0,,,,,,,,,,
GATA6,ENSG00000141448,ENSP00000269216,0,,,,,,,,,,
ZIC2,ENSG00000043355,ENSP00000365514,0,,,,,,,,,,
MSX1,ENSG00000163132,ENSP00000372170,0,,,,,,,,,,
POLR1D,ENSG00000186184,ENSP00000302478,0,,,,,,,,,,
TYRP1,ENSG00000107165,ENSP00000373570,0,,,,,,,,,,
LIPI,ENSG00000188992,ENSP00000505323,0,,,,,,,,,,
GDF5,ENSG00000125965,ENSP00000363489,0,,,,,,,,,,
CYP7B1,ENSG00000172817,ENSP00000310721,0,,,,,,,,,,
AP5Z1,ENSG00000242802,ENSP00000497815,0,,,,,,,,,,
MINPP1,ENSG00000107789,ENSP00000361064,0,,,,,,,,,,
KCNA5,ENSG00000130037,ENSP00000252321,0,,,,,,,,,,
GLRX5,ENSG00000182512,ENSP00000328570,0,,,,,,,,,,
MKKS,ENSG00000125863,ENSP00000246062,0,,,,,,,,,,
HSPB3,ENSG00000169271,ENSP00000303394,0,,,,,,,,,,
SCNN1B,ENSG00000168447,ENSP00000345751,0,,,,,,,,,,
GOLGA5,ENSG00000066455,ENSP00000163416,0,,,,,,,,,,
GSDME,ENSG00000105928,ENSP00000494186,0,,,,,,,,,,
ETV6,ENSG00000139083,ENSP00000379658,0,,,,,,,,,,
GALC,ENSG00000054983,ENSP00000261304,0,,,,,,,,,,
GDF3,ENSG00000184344,ENSP00000331745,0,,,,,,,,,,
IL10RB,ENSG00000243646,ENSP00000290200,0,,,,,,,,,,
LIPC,ENSG00000166035,ENSP00000299022,0,,,,,,,,,,
NHLRC1,ENSG00000187566,ENSP00000345464,0,,,,,,,,,,
SCNN1G,ENSG00000166828,ENSP00000300061,0,,,,,,,,,,
TNFSF11,ENSG00000120659,ENSP00000381775,0,,,,,,,,,,
SLC34A2,ENSG00000157765,ENSP00000371483,0,,,,,,,,,,
ALG11,ENSG00000253710,ENSP00000430236,0,,,,,,,,,,
ZIC3,ENSG00000156925,ENSP00000287538,0,,,,,,,,,,
LOXL1,ENSG00000129038,ENSP00000261921,0,,,,,,,,,,
MYLK2,ENSG00000101306,ENSP00000365152,0,,,,,,,,,,
MUC5B,ENSG00000117983,ENSP00000436812,0,,,,,,,,,,
INVS,ENSG00000119509,ENSP00000262457,0,,,,,,,,,,
FGF10,ENSG00000070193,ENSP00000264664,0,,,,,,,,,,
EVC2,ENSG00000173040,ENSP00000342144,0,,,,,,,,,,
RUNX2,ENSG00000124813,ENSP00000495497,0,,,,,,,,,,
LOXHD1,ENSG00000167210,ENSP00000496347,0,,,,,,,,,,
PKHD1,ENSG00000170927,ENSP00000360158,0,,,,,,,,,,
CLEC7A,ENSG00000172243,ENSP00000302569,0,,,,,,,,,,
SLC4A11,ENSG00000088836,ENSP00000493503,0,,,,,,,,,,
TNFRSF13C,ENSG00000159958,ENSP00000291232,0,,,,,,,,,,
CSRP3,ENSG00000129170,ENSP00000265968,0,,,,,,,,,,
WRN,ENSG00000165392,ENSP00000298139,0,,,,,,,,,,
CHMP4B,ENSG00000101421,ENSP00000217402,0,,,,,,,,,,
WDR72,ENSG00000166415,ENSP00000353699,0,,,,,,,,,,
BANK1,ENSG00000153064,ENSP00000320509,0,,,,,,,,,,
CISD2,ENSG00000145354,ENSP00000273986,0,,,,,,,,,,
ARSB,ENSG00000113273,ENSP00000264914,0,,,,,,,,,,
ROR2,ENSG00000169071,ENSP00000364860,0,,,,,,,,,,
LCA5,ENSG00000135338,ENSP00000358861,0,,,,,,,,,,
OPN1MW,ENSG00000268221,ENSP00000472316,0,,,,,,,,,,
OAT,ENSG00000065154,ENSP00000357838,0,,,,,,,,,,
SETX,ENSG00000107290,ENSP00000224140,0,,,,,,,,,,
NEFH,ENSG00000100285,ENSP00000311997,0,,,,,,,,,,
RPS7,ENSG00000171863,ENSP00000496757,0,,,,,,,,,,
SUMF1,ENSG00000144455,ENSP00000272902,0,,,,,,,,,,
EDNRB,ENSG00000136160,ENSP00000493527,0,,,,,,,,,,
DSC2,ENSG00000134755,ENSP00000280904,0,,,,,,,,,,
FECH,ENSG00000066926,ENSP00000262093,0,,,,,,,,,,
SNAI2,ENSG00000019549,ENSP00000020945,0,,,,,,,,,,
PEX14,ENSG00000142655,ENSP00000349016,0,,,,,,,,,,
HABP2,ENSG00000148702,ENSP00000277903,0,,,,,,,,,,
PEX3,ENSG00000034693,ENSP00000356563,0,,,,,,,,,,
GNAT1,ENSG00000114349,ENSP00000232461,0,,,,,,,,,,
HTRA1,ENSG00000166033,ENSP00000357980,0,,,,,,,,,,
COL6A2,ENSG00000142173,ENSP00000300527,0,,,,,,,,,,
RFXANK,ENSG00000064490,ENSP00000305071,0,,,,,,,,,,
COL4A5,ENSG00000188153,ENSP00000331902,0,,,,,,,,,,
BBS9,ENSG00000122507,ENSP00000242067,0,,,,,,,,,,
GUSB,ENSG00000169919,ENSP00000302728,0,,,,,,,,,,
ADGRV1,ENSG00000164199,ENSP00000384582,0,,,,,,,,,,
SLC25A15,ENSG00000102743,ENSP00000342267,0,,,,,,,,,,
COL10A1,ENSG00000123500,ENSP00000498802,0,,,,,,,,,,
ABHD5,ENSG00000011198,ENSP00000495778,0,,,,,,,,,,
RBM20,ENSG00000203867,ENSP00000358532,0,,,,,,,,,,
ZFHX3,ENSG00000140836,ENSP00000268489,0,,,,,,,,,,
NPHP4,ENSG00000131697,ENSP00000367398,0,,,,,,,,,,
RB1CC1,ENSG00000023287,ENSP00000025008,0,,,,,,,,,,
EYS,ENSG00000188107,ENSP00000424243,0,,,,,,,,,,
WASHC5,ENSG00000164961,ENSP00000318016,0,,,,,,,,,,
FSHR,ENSG00000170820,ENSP00000384708,0,,,,,,,,,,
TPM2,ENSG00000198467,ENSP00000496494,0,,,,,,,,,,
FOXF1,ENSG00000103241,ENSP00000262426,0,,,,,,,,,,
STRC,ENSG00000242866,ENSP00000401513,0,,,,,,,,,,
GJB3,ENSG00000188910,ENSP00000362464,0,,,,,,,,,,
G6PC1,ENSG00000131482,ENSP00000253801,0,,,,,,,,,,
EFHC1,ENSG00000096093,ENSP00000360107,0,,,,,,,,,,
EPHA2,ENSG00000142627,ENSP00000351209,0,,,,,,,,,,
CPOX,ENSG00000080819,ENSP00000497326,0,,,,,,,,,,
LMBRD1,ENSG00000168216,ENSP00000497690,0,,,,,,,,,,
PDGFRA,ENSG00000134853,ENSP00000257290,0,,,,,,,,,,
SMAD9,ENSG00000120693,ENSP00000369154,0,,,,,,,,,,
IMPG2,ENSG00000081148,ENSP00000193391,0,,,,,,,,,,
SLC52A3,ENSG00000101276,ENSP00000494193,0,,,,,,,,,,
PEX26,ENSG00000215193,ENSP00000382648,0,,,,,,,,,,
PAX7,ENSG00000009709,ENSP00000403389,0,,,,,,,,,,
BUB1B,ENSG00000156970,ENSP00000287598,0,,,,,,,,,,
TCAP,ENSG00000173991,ENSP00000312624,0,,,,,,,,,,
GJB1,ENSG00000169562,ENSP00000354900,0,,,,,,,,,,
LYZ,ENSG00000090382,ENSP00000261267,0,,,,,,,,,,
PRPS1,ENSG00000147224,ENSP00000361512,0,,,,,,,,,,
BMP15,ENSG00000130385,ENSP00000252677,0,,,,,,,,,,
AURKA,ENSG00000087586,ENSP00000379251,0,,,,,,,,,,
GRHL2,ENSG00000083307,ENSP00000495564,0,,,,,,,,,,
PADI4,ENSG00000159339,ENSP00000364597,0,,,,,,,,,,
GLIS2,ENSG00000126603,ENSP00000395547,0,,,,,,,,,,
ANG,ENSG00000214274,ENSP00000381077,0,,,,,,,,,,
SCO2,ENSG00000284194,ENSP00000379046,0,,,,,,,,,,
KRT1,ENSG00000167768,ENSP00000252244,0,,,,,,,,,,
XRCC3,ENSG00000126215,ENSP00000452598,0,,,,,,,,,,
TGFB3,ENSG00000119699,ENSP00000238682,0,,,,,,,,,,
TMC1,ENSG00000165091,ENSP00000297784,0,,,,,,,,,,
ARSA,ENSG00000100299,ENSP00000216124,0,,,,,,,,,,
VCL,ENSG00000035403,ENSP00000211998,0,,,,,,,,,,
PHKG2,ENSG00000156873,ENSP00000455607,0,,,,,,,,,,
HSD3B7,ENSG00000099377,ENSP00000297679,0,,,,,,,,,,
TPRN,ENSG00000176058,ENSP00000387100,0,,,,,,,,,,
BCKDHB,ENSG00000083123,ENSP00000318351,0,,,,,,,,,,
ALAS2,ENSG00000158578,ENSP00000497236,0,,,,,,,,,,
INF2,ENSG00000203485,ENSP00000376410,0,,,,,,,,,,
DPM1,ENSG00000000419,ENSP00000360644,0,,,,,,,,,,
SLC17A5,ENSG00000119899,ENSP00000348019,0,,,,,,,,,,
SAMHD1,ENSG00000101347,ENSP00000493536,0,,,,,,,,,,
PDE6C,ENSG00000095464,ENSP00000360502,0,,,,,,,,,,
RLBP1,ENSG00000140522,ENSP00000268125,0,,,,,,,,,,
ELP1,ENSG00000070061,ENSP00000363779,0,,,,,,,,,,
CYP2A6,ENSG00000255974,ENSP00000301141,0,,,,,,,,,,
NRL,ENSG00000129535,ENSP00000454062,0,,,,,,,,,,
ARHGEF12,ENSG00000196914,ENSP00000380942,0,,,,,,,,,,
LRAT,ENSG00000121207,ENSP00000337224,0,,,,,,,,,,
GPI,ENSG00000105220,ENSP00000348877,0,,,,,,,,,,
ASPSCR1,ENSG00000169696,ENSP00000302176,0,,,,,,,,,,
CD19,ENSG00000177455,ENSP00000437940,0,,,,,,,,,,
NSD3,ENSG00000147548,ENSP00000313983,0,,,,,,,,,,
PPARGC1B,ENSG00000155846,ENSP00000312649,0,,,,,,,,,,
RAX,ENSG00000134438,ENSP00000334813,0,,,,,,,,,,
RPE65,ENSG00000116745,ENSP00000262340,0,,,,,,,,,,
PTPN1,ENSG00000196396,ENSP00000360683,0,,,,,,,,,,
PROK2,ENSG00000163421,ENSP00000295619,0,,,,,,,,,,
SERPINB6,ENSG00000124570,ENSP00000369912,0,,,,,,,,,,
GDAP1,ENSG00000104381,ENSP00000220822,0,,,,,,,,,,
ZNF469,ENSG00000225614,ENSP00000456500,0,,,,,,,,,,
SLC25A4,ENSG00000151729,ENSP00000281456,0,,,,,,,,,,
EPM2A,ENSG00000112425,ENSP00000356489,0,,,,,,,,,,
MPDU1,ENSG00000129255,ENSP00000250124,0,,,,,,,,,,
SH2B3,ENSG00000111252,ENSP00000345492,0,,,,,,,,,,
FIG4,ENSG00000112367,ENSP00000230124,0,,,,,,,,,,
FHL1,ENSG00000022267,ENSP00000359717,0,,,,,,,,,,
SLC39A4,ENSG00000147804,ENSP00000301305,0,,,,,,,,,,
ATP2A1,ENSG00000196296,ENSP00000378879,0,,,,,,,,,,
MLLT10,ENSG00000078403,ENSP00000307411,0,,,,,,,,,,
ABCB7,ENSG00000131269,ENSP00000362492,0,,,,,,,,,,
HPGD,ENSG00000164120,ENSP00000296522,0,,,,,,,,,,
AK1,ENSG00000106992,ENSP00000494600,0,,,,,,,,,,
PLAG1,ENSG00000181690,ENSP00000325546,0,,,,,,,,,,
DLL3,ENSG00000090932,ENSP00000348810,0,,,,,,,,,,
TNFRSF11A,ENSG00000141655,ENSP00000465500,0,,,,,,,,,,
IGLL1,ENSG00000128322,ENSP00000329312,0,,,,,,,,,,
ALG10,ENSG00000139133,ENSP00000266483,0,,,,,,,,,,
MXI1,ENSG00000119950,ENSP00000331152,0,,,,,,,,,,
OTOA,ENSG00000155719,ENSP00000496564,0,,,,,,,,,,
NDRG1,ENSG00000104419,ENSP00000319977,0,,,,,,,,,,
SOX9,ENSG00000125398,ENSP00000245479,0,,,,,,,,,,
SNRNP200,ENSG00000144028,ENSP00000317123,0,,,,,,,,,,
GJB4,ENSG00000189433,ENSP00000345868,0,,,,,,,,,,
GCSH,ENSG00000140905,ENSP00000319531,0,,,,,,,,,,
ENAM,ENSG00000132464,ENSP00000379383,0,,,,,,,,,,
PYGM,ENSG00000068976,ENSP00000164139,0,,,,,,,,,,
STOX1,ENSG00000165730,ENSP00000298596,0,,,,,,,,,,
GMPS,ENSG00000163655,ENSP00000419851,0,,,,,,,,,,
SOX10,ENSG00000100146,ENSP00000380093,0,,,,,,,,,,
CDH23,ENSG00000107736,ENSP00000224721,0,,,,,,,,,,
SFTPA2,ENSG00000185303,ENSP00000361400,0,,,,,,,,,,
HBB,ENSG00000244734,ENSP00000333994,0,,,,,,,,,,
SFTPA1,ENSG00000122852,ENSP00000381633,0,,,,,,,,,,
TNFRSF13B,ENSG00000240505,ENSP00000261652,0,,,,,,,,,,
ABCA1,ENSG00000165029,ENSP00000363868,0,,,,,,,,,,
AKR1D1,ENSG00000122787,ENSP00000242375,0,,,,,,,,,,
GPR143,ENSG00000101850,ENSP00000417161,0,,,,,,,,,,
MESP2,ENSG00000188095,ENSP00000342392,0,,,,,,,,,,
DNAI1,ENSG00000122735,ENSP00000242317,0,,,,,,,,,,
FAM83H,ENSG00000180921,ENSP00000373565,0,,,,,,,,,,
KARS1,ENSG00000065427,ENSP00000303043,0,,,,,,,,,,
RDH12,ENSG00000139988,ENSP00000449079,0,,,,,,,,,,
PAX9,ENSG00000198807,ENSP00000355245,0,,,,,,,,,,
TWNK,ENSG00000107815,ENSP00000309595,0,,,,,,,,,,
CEL,ENSG00000170835,ENSP00000361151,0,,,,,,,,,,
PDZD7,ENSG00000186862,ENSP00000480489,0,,,,,,,,,,
TRIM24,ENSG00000122779,ENSP00000340507,0,,,,,,,,,,
RAX2,ENSG00000173976,ENSP00000450456,0,,,,,,,,,,
DSG2,ENSG00000046604,ENSP00000261590,0,,,,,,,,,,
PLA2G6,ENSG00000184381,ENSP00000333142,0,,,,,,,,,,
SLC25A22,ENSG00000177542,ENSP00000486058,0,,,,,,,,,,
SLC34A1,ENSG00000131183,ENSP00000321424,0,,,,,,,,,,
ERCC6,ENSG00000225830,ENSP00000348089,0,,,,,,,,,,
PRX,ENSG00000105227,ENSP00000326018,0,,,,,,,,,,
NPC1,ENSG00000141458,ENSP00000269228,0,,,,,,,,,,
APOL1,ENSG00000100342,ENSP00000380448,0,,,,,,,,,,
SLC33A1,ENSG00000169359,ENSP00000496241,0,,,,,,,,,,
NCOA4,ENSG00000266412,ENSP00000462943,0,,,,,,,,,,
ALOX12B,ENSG00000179477,ENSP00000497784,0,,,,,,,,,,
HES7,ENSG00000179111,ENSP00000446205,0,,,,,,,,,,
MPLKIP,ENSG00000168303,ENSP00000304553,0,,,,,,,,,,
EDAR,ENSG00000135960,ENSP00000258443,0,,,,,,,,,,
ICOS,ENSG00000163600,ENSP00000319476,0,,,,,,,,,,
CRYAB,ENSG00000109846,ENSP00000499082,0,,,,,,,,,,
PHEX,ENSG00000102174,ENSP00000368682,0,,,,,,,,,,
PPP1R3A,ENSG00000154415,ENSP00000284601,0,,,,,,,,,,
EMD,ENSG00000102119,ENSP00000358857,0,,,,,,,,,,
F13A1,ENSG00000124491,ENSP00000264870,0,,,,,,,,,,
DNAAF1,ENSG00000154099,ENSP00000367815,0,,,,,,,,,,
BARD1,ENSG00000138376,ENSP00000260947,0,,,,,,,,,,
HGD,ENSG00000113924,ENSP00000283871,0,,,,,,,,,,
TOPORS,ENSG00000197579,ENSP00000353735,0,,,,,,,,,,
MN1,ENSG00000169184,ENSP00000304956,0,,,,,,,,,,
BBS10,ENSG00000179941,ENSP00000497413,0,,,,,,,,,,
FGF8,ENSG00000107831,ENSP00000321797,0,,,,,,,,,,
SLC5A2,ENSG00000140675,ENSP00000327943,0,,,,,,,,,,
MAMLD1,ENSG00000013619,ENSP00000359428,0,,,,,,,,,,
CCDC50,ENSG00000152492,ENSP00000376249,0,,,,,,,,,,
MYH3,ENSG00000109063,ENSP00000464317,0,,,,,,,,,,
TRIP11,ENSG00000100815,ENSP00000267622,0,,,,,,,,,,
RDX,ENSG00000137710,ENSP00000496503,0,,,,,,,,,,
ZEB1,ENSG00000148516,ENSP00000415961,0,,,,,,,,,,
NODAL,ENSG00000156574,ENSP00000287139,0,,,,,,,,,,
PRPH2,ENSG00000112619,ENSP00000230381,0,,,,,,,,,,
RPGRIP1,ENSG00000092200,ENSP00000382895,0,,,,,,,,,,
RET,ENSG00000165731,ENSP00000347942,0,,,,,,,,,,
COG7,ENSG00000168434,ENSP00000305442,0,,,,,,,,,,
POLR1C,ENSG00000171453,ENSP00000496044,0,,,,,,,,,,
PRCD,ENSG00000214140,ENSP00000467661,0,,,,,,,,,,
EWSR1,ENSG00000182944,ENSP00000381031,0,,,,,,,,,,
LRRC8A,ENSG00000136802,ENSP00000361682,0,,,,,,,,,,
POLH,ENSG00000170734,ENSP00000361310,0,,,,,,,,,,
RSPH9,ENSG00000172426,ENSP00000361236,0,,,,,,,,,,
UPK3A,ENSG00000100373,ENSP00000216211,0,,,,,,,,,,
SLC22A18,ENSG00000110628,ENSP00000497561,0,,,,,,,,,,
FASTKD2,ENSG00000118246,ENSP00000385990,0,,,,,,,,,,
BCKDHA,ENSG00000248098,ENSP00000269980,0,,,,,,,,,,
RNF139,ENSG00000170881,ENSP00000304051,0,,,,,,,,,,
MYL2,ENSG00000111245,ENSP00000228841,0,,,,,,,,,,
GYG1,ENSG00000163754,ENSP00000340736,0,,,,,,,,,,
ADAM9,ENSG00000168615,ENSP00000419446,0,,,,,,,,,,
FOXI1,ENSG00000168269,ENSP00000304286,0,,,,,,,,,,
SNTA1,ENSG00000101400,ENSP00000217381,0,,,,,,,,,,
SLC17A8,ENSG00000179520,ENSP00000316909,0,,,,,,,,,,
HSPB1,ENSG00000106211,ENSP00000248553,0,,,,,,,,,,
NYX,ENSG00000188937,ENSP00000367465,0,,,,,,,,,,
HR,ENSG00000168453,ENSP00000370826,0,,,,,,,,,,
EDARADD,ENSG00000186197,ENSP00000335076,0,,,,,,,,,,
DIAPH2,ENSG00000147202,ENSP00000321348,0,,,,,,,,,,
ADAMTS17,ENSG00000140470,ENSP00000268070,0,,,,,,,,,,
AHCY,ENSG00000101444,ENSP00000217426,0,,,,,,,,,,
MAPK10,ENSG00000109339,ENSP00000493435,0,,,,,,,,,,
ALOXE3,ENSG00000179148,ENSP00000400581,0,,,,,,,,,,
PDE6G,ENSG00000185527,ENSP00000328412,0,,,,,,,,,,
FSCN2,ENSG00000186765,ENSP00000388716,0,,,,,,,,,,
CNBP,ENSG00000169714,ENSP00000410619,0,,,,,,,,,,
PSENEN,ENSG00000205155,ENSP00000468411,0,,,,,,,,,,
FBP1,ENSG00000165140,ENSP00000364475,0,,,,,,,,,,
LDB3,ENSG00000122367,ENSP00000355296,0,,,,,,,,,,
IGF2BP2,ENSG00000073792,ENSP00000371634,0,,,,,,,,,,
PPIB,ENSG00000166794,ENSP00000300026,0,,,,,,,,,,
FBXO7,ENSG00000100225,ENSP00000266087,0,,,,,,,,,,
ATXN10,ENSG00000130638,ENSP00000252934,0,,,,,,,,,,
MTMR2,ENSG00000087053,ENSP00000345752,0,,,,,,,,,,
ASS1,ENSG00000130707,ENSP00000253004,0,,,,,,,,,,
HLA-DQA2,ENSG00000237541,ENSP00000364076,0,,,,,,,,,,
ATL1,ENSG00000198513,ENSP00000351155,0,,,,,,,,,,
ATP7A,ENSG00000165240,ENSP00000345728,0,,,,,,,,,,
NF2,ENSG00000186575,ENSP00000344666,0,,,,,,,,,,
ALG3,ENSG00000214160,ENSP00000380793,0,,,,,,,,,,
PHKA2,ENSG00000044446,ENSP00000369274,0,,,,,,,,,,
COCH,ENSG00000100473,ENSP00000379862,0,,,,,,,,,,
NKX2-6,ENSG00000180053,ENSP00000320089,0,,,,,,,,,,
CNGA1,ENSG00000198515,ENSP00000426862,0,,,,,,,,,,
BBS12,ENSG00000181004,ENSP00000319062,0,,,,,,,,,,
CHEK2,ENSG00000183765,ENSP00000385747,0,,,,,,,,,,
CYLD,ENSG00000083799,ENSP00000392025,0,,,,,,,,,,
D2HGDH,ENSG00000180902,ENSP00000315351,0,,,,,,,,,,
MC1R,ENSG00000258839,ENSP00000451605,0,,,,,,,,,,
COL5A2,ENSG00000204262,ENSP00000364000,0,,,,,,,,,,
CAV1,ENSG00000105974,ENSP00000339191,0,,,,,,,,,,
PABPN1,ENSG00000100836,ENSP00000216727,0,,,,,,,,,,
DUOX2,ENSG00000140279,ENSP00000373691,0,,,,,,,,,,
DUOXA2,ENSG00000140274,ENSP00000319705,0,,,,,,,,,,
NME1,ENSG00000239672,ENSP00000376892,0,,,,,,,,,,
MKS1,ENSG00000011143,ENSP00000376827,0,,,,,,,,,,
ABCB4,ENSG00000005471,ENSP00000496956,0,,,,,,,,,,
NPR2,ENSG00000159899,ENSP00000341083,0,,,,,,,,,,
SCN4B,ENSG00000177098,ENSP00000322460,0,,,,,,,,,,
COG8,ENSG00000213380,ENSP00000305459,0,,,,,,,,,,
KCNJ2,ENSG00000123700,ENSP00000243457,0,,,,,,,,,,
HNF4A,ENSG00000101076,ENSP00000315180,0,,,,,,,,,,
SDCCAG8,ENSG00000054282,ENSP00000355499,0,,,,,,,,,,
SLC30A8,ENSG00000164756,ENSP00000415011,0,,,,,,,,,,
SLC45A2,ENSG00000164175,ENSP00000296589,0,,,,,,,,,,
TMIE,ENSG00000181585,ENSP00000494576,0,,,,,,,,,,
CDHR1,ENSG00000148600,ENSP00000485478,0,,,,,,,,,,
RGR,ENSG00000148604,ENSP00000498299,0,,,,,,,,,,
ACVR2B,ENSG00000114739,ENSP00000340361,0,,,,,,,,,,
TULP1,ENSG00000112041,ENSP00000229771,0,,,,,,,,,,
FAH,ENSG00000103876,ENSP00000453347,0,,,,,,,,,,
BTK,ENSG00000010671,ENSP00000308176,0,,,,,,,,,,
UGT1A1,ENSG00000241635,ENSP00000304845,0,,,,,,,,,,
CYBB,ENSG00000165168,ENSP00000367851,0,,,,,,,,,,
NPM1,ENSG00000181163,ENSP00000296930,0,,,,,,,,,,
MCOLN1,ENSG00000090674,ENSP00000264079,0,,,,,,,,,,
HMCN1,ENSG00000143341,ENSP00000271588,0,,,,,,,,,,
TFR2,ENSG00000106327,ENSP00000223051,0,,,,,,,,,,
PINK1,ENSG00000158828,ENSP00000364204,0,,,,,,,,,,
CDC73,ENSG00000134371,ENSP00000356405,0,,,,,,,,,,
DHH,ENSG00000139549,ENSP00000497483,0,,,,,,,,,,
RPL11,ENSG00000142676,ENSP00000496250,0,,,,,,,,,,
RECQL4,ENSG00000160957,ENSP00000482313,0,,,,,,,,,,
GALE,ENSG00000117308,ENSP00000483375,0,,,,,,,,,,
SPTLC1,ENSG00000090054,ENSP00000262554,0,,,,,,,,,,
MAN2B1,ENSG00000104774,ENSP00000395473,0,,,,,,,,,,
IL2RG,ENSG00000147168,ENSP00000363318,0,,,,,,,,,,
GNB3,ENSG00000111664,ENSP00000229264,0,,,,,,,,,,
DKC1,ENSG00000130826,ENSP00000358563,0,,,,,,,,,,
UCP1,ENSG00000109424,ENSP00000262999,0,,,,,,,,,,
RNASEH2A,ENSG00000104889,ENSP00000221486,0,,,,,,,,,,
ATN1,ENSG00000111676,ENSP00000379915,0,,,,,,,,,,
GBA1,ENSG00000177628,ENSP00000357357,0,,,,,,,,,,
MTTP,ENSG00000138823,ENSP00000265517,0,,,,,,,,,,
MMAA,ENSG00000151611,ENSP00000497008,0,,,,,,,,,,
BLNK,ENSG00000095585,ENSP00000224337,0,,,,,,,,,,
PORCN,ENSG00000102312,ENSP00000322304,0,,,,,,,,,,
GDF6,ENSG00000156466,ENSP00000287020,0,,,,,,,,,,
SLC22A4,ENSG00000197208,ENSP00000200652,0,,,,,,,,,,
MMACHC,ENSG00000132763,ENSP00000383840,0,,,,,,,,,,
ATXN2,ENSG00000204842,ENSP00000500925,0,,,,,,,,,,
POU4F3,ENSG00000091010,ENSP00000495718,0,,,,,,,,,,
CLN3,ENSG00000188603,ENSP00000490105,0,,,,,,,,,,
PKD2,ENSG00000118762,ENSP00000237596,0,,,,,,,,,,
ATP2C1,ENSG00000017260,ENSP00000427461,0,,,,,,,,,,
PPP2R2B,ENSG00000156475,ENSP00000377933,0,,,,,,,,,,
DSPP,ENSG00000152591,ENSP00000498766,0,,,,,,,,,,
GDF1,ENSG00000130283,ENSP00000247005,0,,,,,,,,,,
FGF23,ENSG00000118972,ENSP00000237837,0,,,,,,,,,,
CTSC,ENSG00000109861,ENSP00000227266,0,,,,,,,,,,
OPTN,ENSG00000123240,ENSP00000368021,0,,,,,,,,,,
THPO,ENSG00000090534,ENSP00000494504,0,,,,,,,,,,
FOXE3,ENSG00000186790,ENSP00000334472,0,,,,,,,,,,
KCTD7,ENSG00000243335,ENSP00000492240,0,,,,,,,,,,
SLC12A1,ENSG00000074803,ENSP00000370381,0,,,,,,,,,,
MYH11,ENSG00000133392,ENSP00000300036,0,,,,,,,,,,
TCOF1,ENSG00000070814,ENSP00000493815,0,,,,,,,,,,
KCNE3,ENSG00000175538,ENSP00000310557,0,,,,,,,,,,
F13B,ENSG00000143278,ENSP00000356382,0,,,,,,,,,,
MYO1A,ENSG00000166866,ENSP00000300119,0,,,,,,,,,,
IVD,ENSG00000128928,ENSP00000418397,0,,,,,,,,,,
CFC1,ENSG00000136698,ENSP00000259216,0,,,,,,,,,,
HADH,ENSG00000138796,ENSP00000312288,0,,,,,,,,,,
CAVIN1,ENSG00000177469,ENSP00000349541,0,,,,,,,,,,
SERPING1,ENSG00000149131,ENSP00000278407,0,,,,,,,,,,
VAPB,ENSG00000124164,ENSP00000417175,0,,,,,,,,,,
GATA1,ENSG00000102145,ENSP00000365858,0,,,,,,,,,,
DMP1,ENSG00000152592,ENSP00000340935,0,,,,,,,,,,
AGXT,ENSG00000172482,ENSP00000302620,0,,,,,,,,,,
STX16,ENSG00000124222,ENSP00000360183,0,,,,,,,,,,
IRF1,ENSG00000125347,ENSP00000245414,0,,,,,,,,,,
NUP214,ENSG00000126883,ENSP00000352400,0,,,,,,,,,,
SGCD,ENSG00000170624,ENSP00000338343,0,,,,,,,,,,
IHH,ENSG00000163501,ENSP00000295731,0,,,,,,,,,,
,ENSG00000285723,ENSP00000497510,0,,,,,,,,,,
MAD1L1,ENSG00000002822,ENSP00000265854,0,,,,,,,,,,
KRT10,ENSG00000186395,ENSP00000269576,0,,,,,,,,,,
CABP4,ENSG00000175544,ENSP00000324960,0,,,,,,,,,,
MARVELD2,ENSG00000152939,ENSP00000323264,0,,,,,,,,,,
CDH1,ENSG00000039068,ENSP00000261769,0,,,,,,,,,,
RPS24,ENSG00000138326,ENSP00000361435,0,,,,,,,,,,
HSPB8,ENSG00000152137,ENSP00000281938,0,,,,,,,,,,
OCLN,ENSG00000197822,ENSP00000379719,0,,,,,,,,,,
UMOD,ENSG00000169344,ENSP00000379442,0,,,,,,,,,,
CARD9,ENSG00000187796,ENSP00000360797,0,,,,,,,,,,
RNASEH2C,ENSG00000172922,ENSP00000308193,0,,,,,,,,,,
NR2E3,ENSG00000278570,ENSP00000482504,0,,,,,,,,,,
FANCC,ENSG00000158169,ENSP00000289081,0,,,,,,,,,,
GCGR,ENSG00000215644,ENSP00000383558,0,,,,,,,,,,
PTHLH,ENSG00000087494,ENSP00000441765,0,,,,,,,,,,
NR5A1,ENSG00000136931,ENSP00000362690,0,,,,,,,,,,
HPS1,ENSG00000107521,ENSP00000355310,0,,,,,,,,,,
VWF,ENSG00000110799,ENSP00000261405,0,,,,,,,,,,
GLI2,ENSG00000074047,ENSP00000354586,0,,,,,,,,,,
KIT,ENSG00000157404,ENSP00000288135,0,,,,,,,,,,
RPGR,ENSG00000156313,ENSP00000495537,0,,,,,,,,,,
CNGB1,ENSG00000070729,ENSP00000251102,0,,,,,,,,,,
LITAF,ENSG00000189067,ENSP00000483114,0,,,,,,,,,,
DPM3,ENSG00000179085,ENSP00000357385,0,,,,,,,,,,
NT5C3A,ENSG00000122643,ENSP00000476480,0,,,,,,,,,,
RP9,ENSG00000164610,ENSP00000297157,0,,,,,,,,,,
PLOD1,ENSG00000083444,ENSP00000196061,0,,,,,,,,,,
ZNF513,ENSG00000163795,ENSP00000318373,0,,,,,,,,,,
RPS17,ENSG00000182774,ENSP00000498019,0,,,,,,,,,,
ACTG1,ENSG00000184009,ENSP00000458435,0,,,,,,,,,,
PPOX,ENSG00000143224,ENSP00000356978,0,,,,,,,,,,
GTF2H5,ENSG00000272047,ENSP00000476100,0,,,,,,,,,,
WHRN,ENSG00000095397,ENSP00000354623,0,,,,,,,,,,
RETREG1,ENSG00000154153,ENSP00000304642,0,,,,,,,,,,
SCN3B,ENSG00000166257,ENSP00000299333,0,,,,,,,,,,
HLA-DQA1,ENSG00000196735,ENSP00000339398,0,,,,,,,,,,
HLA-DQB1,ENSG00000179344,ENSP00000407332,0,,,,,,,,,,
KLHDC8B,ENSG00000185909,ENSP00000327468,0,,,,,,,,,,
CLRN1,ENSG00000163646,ENSP00000322280,0,,,,,,,,,,
GSN,ENSG00000148180,ENSP00000404226,0,,,,,,,,,,
PITX2,ENSG00000164093,ENSP00000495061,0,,,,,,,,,,
ALG8,ENSG00000159063,ENSP00000299626,0,,,,,,,,,,
SHH,ENSG00000164690,ENSP00000297261,0,,,,,,,,,,
LMBR1,ENSG00000105983,ENSP00000326604,0,,,,,,,,,,
ATXN3,ENSG00000066427,ENSP00000496695,0,,,,,,,,,,
MYO6,ENSG00000196586,ENSP00000358994,0,,,,,,,,,,
LRTOMT,ENSG00000284922,ENSP00000305742,0,,,,,,,,,,
MMAB,ENSG00000139428,ENSP00000445920,0,,,,,,,,,,
KCNH2,ENSG00000055118,ENSP00000262186,0,,,,,,,,,,
CYP4V2,ENSG00000145476,ENSP00000368079,0,,,,,,,,,,
MCCC2,ENSG00000131844,ENSP00000343657,0,,,,,,,,,,
PRKCH,ENSG00000027075,ENSP00000329127,0,,,,,,,,,,
ABCC6,ENSG00000091262,ENSP00000205557,0,,,,,,,,,,
ALG1,ENSG00000033011,ENSP00000262374,0,,,,,,,,,,
PTCH2,ENSG00000117425,ENSP00000361266,0,,,,,,,,,,
SCARB2,ENSG00000138760,ENSP00000264896,0,,,,,,,,,,
CFI,ENSG00000205403,ENSP00000378130,0,,,,,,,,,,
RDH5,ENSG00000135437,ENSP00000257895,0,,,,,,,,,,
PDE6B,ENSG00000133256,ENSP00000420295,0,,,,,,,,,,
ADRB3,ENSG00000188778,ENSP00000343782,0,,,,,,,,,,
EVC,ENSG00000072840,ENSP00000264956,0,,,,,,,,,,
RHAG,ENSG00000112077,ENSP00000360217,0,,,,,,,,,,
VSX2,ENSG00000119614,ENSP00000261980,0,,,,,,,,,,
SEPTIN9,ENSG00000184640,ENSP00000391249,0,,,,,,,,,,
ESCO2,ENSG00000171320,ENSP00000306999,0,,,,,,,,,,
SLC35A1,ENSG00000164414,ENSP00000358565,0,,,,,,,,,,
DIAPH1,ENSG00000131504,ENSP00000373706,0,,,,,,,,,,
GALK1,ENSG00000108479,ENSP00000465930,0,,,,,,,,,,
AAAS,ENSG00000094914,ENSP00000209873,0,,,,,,,,,,
PHGDH,ENSG00000092621,ENSP00000493175,0,,,,,,,,,,
DNASE1,ENSG00000213918,ENSP00000246949,0,,,,,,,,,,
SLC26A2,ENSG00000155850,ENSP00000286298,0,,,,,,,,,,
SLC22A5,ENSG00000197375,ENSP00000245407,0,,,,,,,,,,
PRPF31,ENSG00000105618,ENSP00000324122,0,,,,,,,,,,
GRXCR1,ENSG00000215203,ENSP00000382670,0,,,,,,,,,,
SPTLC2,ENSG00000100596,ENSP00000216484,0,,,,,,,,,,
MYOT,ENSG00000120729,ENSP00000239926,0,,,,,,,,,,
TP63,ENSG00000073282,ENSP00000264731,0,,,,,,,,,,
AGTR1,ENSG00000144891,ENSP00000273430,0,,,,,,,,,,
NCF1,ENSG00000158517,ENSP00000289473,0,,,,,,,,,,
CLCN1,ENSG00000188037,ENSP00000339867,0,,,,,,,,,,
SH3BP2,ENSG00000087266,ENSP00000422168,0,,,,,,,,,,
COL1A1,ENSG00000108821,ENSP00000225964,0,,,,,,,,,,
XYLT2,ENSG00000015532,ENSP00000017003,0,,,,,,,,,,
SGCA,ENSG00000108823,ENSP00000262018,0,,,,,,,,,,
ADD1,ENSG00000087274,ENSP00000508142,0,,,,,,,,,,
CDAN1,ENSG00000140326,ENSP00000348564,0,,,,,,,,,,
WDR36,ENSG00000134987,ENSP00000424628,0,,,,,,,,,,
TTBK2,ENSG00000128881,ENSP00000267890,0,,,,,,,,,,
HMMR,ENSG00000072571,ENSP00000377492,0,,,,,,,,,,
TAFAZZIN,ENSG00000102125,ENSP00000469981,0,,,,,,,,,,
PJVK,ENSG00000204311,ENSP00000495855,0,,,,,,,,,,
ITGA2B,ENSG00000005961,ENSP00000262407,0,,,,,,,,,,
BBS5,ENSG00000163093,ENSP00000295240,0,,,,,,,,,,
SGCB,ENSG00000163069,ENSP00000370839,0,,,,,,,,,,
LHFPL5,ENSG00000197753,ENSP00000353346,0,,,,,,,,,,
F12,ENSG00000131187,ENSP00000253496,0,,,,,,,,,,
LFNG,ENSG00000106003,ENSP00000222725,0,,,,,,,,,,
UCHL1,ENSG00000154277,ENSP00000284440,0,,,,,,,,,,
GP9,ENSG00000169704,ENSP00000303942,0,,,,,,,,,,
IRF4,ENSG00000137265,ENSP00000370343,0,,,,,,,,,,
USH1C,ENSG00000006611,ENSP00000005226,0,,,,,,,,,,
KLF11,ENSG00000172059,ENSP00000307023,0,,,,,,,,,,
GLA,ENSG00000102393,ENSP00000218516,0,,,,,,,,,,
MAP3K1,ENSG00000095015,ENSP00000382423,0,,,,,,,,,,
USH1G,ENSG00000182040,ENSP00000480279,0,,,,,,,,,,
BRIP1,ENSG00000136492,ENSP00000259008,0,,,,,,,,,,
SCN1B,ENSG00000105711,ENSP00000262631,0,,,,,,,,,,
APOA5,ENSG00000110243,ENSP00000227665,0,,,,,,,,,,
ASPA,ENSG00000108381,ENSP00000263080,0,,,,,,,,,,
APOA1,ENSG00000118137,ENSP00000236850,0,,,,,,,,,,
PNP,ENSG00000198805,ENSP00000354532,0,,,,,,,,,,
DNAH11,ENSG00000105877,ENSP00000475939,0,,,,,,,,,,
RSPH4A,ENSG00000111834,ENSP00000229554,0,,,,,,,,,,
B4GALT7,ENSG00000027847,ENSP00000029410,0,,,,,,,,,,
COL5A1,ENSG00000130635,ENSP00000360882,0,,,,,,,,,,
AIP,ENSG00000110711,ENSP00000279146,0,,,,,,,,,,
STX11,ENSG00000135604,ENSP00000356540,0,,,,,,,,,,
TAP1,ENSG00000168394,ENSP00000346206,0,,,,,,,,,,
ECM1,ENSG00000143369,ENSP00000358043,0,,,,,,,,,,
GNS,ENSG00000135677,ENSP00000258145,0,,,,,,,,,,
SLC2A4,ENSG00000181856,ENSP00000320935,0,,,,,,,,,,
TREX1,ENSG00000213689,ENSP00000486676,0,,,,,,,,,,
CHIC2,ENSG00000109220,ENSP00000263921,0,,,,,,,,,,
DNAAF2,ENSG00000165506,ENSP00000298292,0,,,,,,,,,,
CFB,ENSG00000243649,ENSP00000416561,0,,,,,,,,,,
GJC2,ENSG00000198835,ENSP00000355675,0,,,,,,,,,,
HOGA1,ENSG00000241935,ENSP00000359680,0,,,,,,,,,,
ZFYVE27,ENSG00000155256,ENSP00000506975,0,,,,,,,,,,
B4GALT1,ENSG00000086062,ENSP00000369055,0,,,,,,,,,,
P3H1,ENSG00000117385,ENSP00000296388,0,,,,,,,,,,
PDGFRL,ENSG00000104213,ENSP00000251630,0,,,,,,,,,,
ABCC2,ENSG00000023839,ENSP00000497274,0,,,,,,,,,,
TBX20,ENSG00000164532,ENSP00000386170,0,,,,,,,,,,
GM2A,ENSG00000196743,ENSP00000349687,0,,,,,,,,,,
ACTA2,ENSG00000107796,ENSP00000224784,0,,,,,,,,,,
OSTM1,ENSG00000081087,ENSP00000193322,0,,,,,,,,,,
LRRK2,ENSG00000188906,ENSP00000298910,0,,,,,,,,,,
PTPRQ,ENSG00000139304,ENSP00000495607,0,,,,,,,,,,
TAPBP,ENSG00000231925,ENSP00000395701,0,,,,,,,,,,
TRIM37,ENSG00000108395,ENSP00000262294,0,,,,,,,,,,
TNNC1,ENSG00000114854,ENSP00000232975,0,,,,,,,,,,
OAS1,ENSG00000089127,ENSP00000202917,0,,,,,,,,,,
CIITA,ENSG00000179583,ENSP00000316328,0,,,,,,,,,,
PDE8B,ENSG00000284762,ENSP00000493971,0,,,,,,,,,,
MYC,ENSG00000136997,ENSP00000478887,0,,,,,,,,,,
PDE8B,ENSG00000113231,ENSP00000264917,0,,,,,,,,,,
NPHP3,ENSG00000113971,ENSP00000338766,0,,,,,,,,,,
RP1,ENSG00000104237,ENSP00000220676,0,,,,,,,,,,
MPI,ENSG00000178802,ENSP00000318318,0,,,,,,,,,,
FBLN5,ENSG00000140092,ENSP00000345008,0,,,,,,,,,,
SPINK5,ENSG00000133710,ENSP00000256084,0,,,,,,,,,,
ACTC1,ENSG00000159251,ENSP00000290378,0,,,,,,,,,,
MFSD8,ENSG00000164073,ENSP00000493218,0,,,,,,,,,,
LCAT,ENSG00000213398,ENSP00000264005,0,,,,,,,,,,
ENG,ENSG00000106991,ENSP00000362299,0,,,,,,,,,,
TSG101,ENSG00000074319,ENSP00000251968,0,,,,,,,,,,
KLF1,ENSG00000105610,ENSP00000264834,0,,,,,,,,,,
CDKN1C,ENSG00000129757,ENSP00000411257,0,,,,,,,,,,
TPM1,ENSG00000140416,ENSP00000385107,0,,,,,,,,,,
CYBA,ENSG00000051523,ENSP00000261623,0,,,,,,,,,,
RPS26,ENSG00000197728,ENSP00000496643,0,,,,,,,,,,
GUCA1A,ENSG00000048545,ENSP00000362049,0,,,,,,,,,,
KRT13,ENSG00000171401,ENSP00000246635,0,,,,,,,,,,
COL1A2,ENSG00000164692,ENSP00000297268,0,,,,,,,,,,
KRT16,ENSG00000186832,ENSP00000301653,0,,,,,,,,,,
LPL,ENSG00000175445,ENSP00000497642,0,,,,,,,,,,
DNAI2,ENSG00000171595,ENSP00000308312,0,,,,,,,,,,
HMGA1,ENSG00000137309,ENSP00000308227,0,,,,,,,,,,
LZTS1,ENSG00000061337,ENSP00000370981,0,,,,,,,,,,
GALNS,ENSG00000141012,ENSP00000268695,0,,,,,,,,,,
WDR35,ENSG00000118965,ENSP00000281405,0,,,,,,,,,,
RPS10,ENSG00000124614,ENSP00000497917,0,,,,,,,,,,
DYNC2H1,ENSG00000187240,ENSP00000364887,0,,,,,,,,,,
CBX2,ENSG00000173894,ENSP00000308750,0,,,,,,,,,,
FANCA,ENSG00000187741,ENSP00000373952,0,,,,,,,,,,
OTOF,ENSG00000115155,ENSP00000272371,0,,,,,,,,,,
MYH6,ENSG00000197616,ENSP00000386041,0,,,,,,,,,,
BLK,ENSG00000136573,ENSP00000259089,0,,,,,,,,,,
MYH7,ENSG00000092054,ENSP00000347507,0,,,,,,,,,,
TAP2,ENSG00000204267,ENSP00000364032,0,,,,,,,,,,
GRM6,ENSG00000113262,ENSP00000430767,0,,,,,,,,,,
C2,ENSG00000166278,ENSP00000299367,0,,,,,,,,,,
SIX5,ENSG00000177045,ENSP00000316842,0,,,,,,,,,,
UROS,ENSG00000188690,ENSP00000357787,0,,,,,,,,,,
FLNB,ENSG00000136068,ENSP00000295956,0,,,,,,,,,,
SLC11A2,ENSG00000110911,ENSP00000262052,0,,,,,,,,,,
CFTR,ENSG00000001626,ENSP00000003084,0,,,,,,,,,,
KRT17,ENSG00000128422,ENSP00000308452,0,,,,,,,,,,
GP1BA,ENSG00000185245,ENSP00000329380,0,,,,,,,,,,
RP1L1,ENSG00000183638,ENSP00000371923,0,,,,,,,,,,
WNK1,ENSG00000060237,ENSP00000313059,0,,,,,,,,,,
EGFR,ENSG00000146648,ENSP00000275493,0,,,,,,,,,,
IRF5,ENSG00000128604,ENSP00000349770,0,,,,,,,,,,
AMACR,ENSG00000242110,ENSP00000334424,0,,,,,,,,,,
SLC6A19,ENSG00000174358,ENSP00000305302,0,,,,,,,,,,
RD3,ENSG00000198570,ENSP00000505312,0,,,,,,,,,,
DCTN1,ENSG00000204843,ENSP00000487279,0,,,,,,,,,,
PHKB,ENSG00000102893,ENSP00000313504,0,,,,,,,,,,
CRB1,ENSG00000134376,ENSP00000356370,0,,,,,,,,,,
MPL,ENSG00000117400,ENSP00000361548,0,,,,,,,,,,
CLCN7,ENSG00000103249,ENSP00000372193,0,,,,,,,,,,
LTBP3,ENSG00000168056,ENSP00000301873,0,,,,,,,,,,
NME8,ENSG00000086288,ENSP00000199447,0,,,,,,,,,,
INSL3,ENSG00000248099,ENSP00000321724,0,,,,,,,,,,
PRCC,ENSG00000143294,ENSP00000271526,0,,,,,,,,,,
BEAN1,ENSG00000166546,ENSP00000442793,0,,,,,,,,,,
ALS2,ENSG00000003393,ENSP00000264276,0,,,,,,,,,,
AGPS,ENSG00000018510,ENSP00000264167,0,,,,,,,,,,
COG4,ENSG00000103051,ENSP00000315775,0,,,,,,,,,,
MMP13,ENSG00000137745,ENSP00000260302,0,,,,,,,,,,
CCDC28B,ENSG00000160050,ENSP00000362704,0,,,,,,,,,,
KLK4,ENSG00000167749,ENSP00000326159,0,,,,,,,,,,
RPL5,ENSG00000122406,ENSP00000359345,0,,,,,,,,,,
PKD1,ENSG00000008710,ENSP00000262304,0,,,,,,,,,,
TNNI2,ENSG00000130598,ENSP00000371336,0,,,,,,,,,,
ECE1,ENSG00000117298,ENSP00000364028,0,,,,,,,,,,
FGD4,ENSG00000139132,ENSP00000449273,0,,,,,,,,,,
SLC7A9,ENSG00000021488,ENSP00000023064,0,,,,,,,,,,
FGB,ENSG00000171564,ENSP00000306099,0,,,,,,,,,,
C3,ENSG00000125730,ENSP00000245907,0,,,,,,,,,,
MMADHC,ENSG00000168288,ENSP00000301920,0,,,,,,,,,,
COX6B1,ENSG00000126267,ENSP00000497926,0,,,,,,,,,,
KRT4,ENSG00000170477,ENSP00000448220,0,,,,,,,,,,
MYBPC3,ENSG00000134571,ENSP00000442795,0,,,,,,,,,,
G6PC3,ENSG00000141349,ENSP00000269097,0,,,,,,,,,,
MYO7A,ENSG00000137474,ENSP00000386331,0,,,,,,,,,,
TNXB,ENSG00000168477,ENSP00000496448,0,,,,,,,,,,
IQCB1,ENSG00000173226,ENSP00000311505,0,,,,,,,,,,
ELANE,ENSG00000197561,ENSP00000263621,0,,,,,,,,,,
CACNA1S,ENSG00000081248,ENSP00000355192,0,,,,,,,,,,
EPHX1,ENSG00000143819,ENSP00000272167,0,,,,,,,,,,
SLC5A5,ENSG00000105641,ENSP00000222248,0,,,,,,,,,,
CD2AP,ENSG00000198087,ENSP00000352264,0,,,,,,,,,,
CTNS,ENSG00000040531,ENSP00000046640,0,,,,,,,,,,
DSP,ENSG00000096696,ENSP00000369129,0,,,,,,,,,,
STXBP2,ENSG00000076944,ENSP00000221283,0,,,,,,,,,,
BMPR1B,ENSG00000138696,ENSP00000426617,0,,,,,,,,,,
GOSR2,ENSG00000108433,ENSP00000492751,0,,,,,,,,,,
ACVR1,ENSG00000115170,ENSP00000405004,0,,,,,,,,,,
ADH1C,ENSG00000248144,ENSP00000426083,0,,,,,,,,,,
RPS19,ENSG00000105372,ENSP00000470972,0,,,,,,,,,,
IRS1,ENSG00000169047,ENSP00000304895,0,,,,,,,,,,
COL4A3,ENSG00000169031,ENSP00000379823,0,,,,,,,,,,
CRX,ENSG00000105392,ENSP00000221996,0,,,,,,,,,,
HEXB,ENSG00000049860,ENSP00000261416,0,,,,,,,,,,
COL4A4,ENSG00000081052,ENSP00000379866,0,,,,,,,,,,
SELENON,ENSG00000162430,ENSP00000355141,0,,,,,,,,,,
F11,ENSG00000088926,ENSP00000384957,0,,,,,,,,,,
TMC8,ENSG00000167895,ENSP00000325561,0,,,,,,,,,,
SBF2,ENSG00000133812,ENSP00000256190,0,,,,,,,,,,
TLR2,ENSG00000137462,ENSP00000494425,0,,,,,,,,,,
CD79B,ENSG00000007312,ENSP00000006750,0,,,,,,,,,,
COL6A3,ENSG00000163359,ENSP00000295550,0,,,,,,,,,,
PALB2,ENSG00000083093,ENSP00000261584,0,,,,,,,,,,
TMC6,ENSG00000141524,ENSP00000465261,0,,,,,,,,,,
ITPKC,ENSG00000086544,ENSP00000263370,0,,,,,,,,,,
CCND1,ENSG00000110092,ENSP00000227507,0,,,,,,,,,,
PAX4,ENSG00000106331,ENSP00000491782,0,,,,,,,,,,
IMPDH1,ENSG00000106348,ENSP00000345096,0,,,,,,,,,,
CERKL,ENSG00000188452,ENSP00000386725,0,,,,,,,,,,
NEUROD1,ENSG00000162992,ENSP00000295108,0,,,,,,,,,,
MYOC,ENSG00000034971,ENSP00000037502,0,,,,,,,,,,
UNC13D,ENSG00000092929,ENSP00000207549,0,,,,,,,,,,
MS4A1,ENSG00000156738,ENSP00000314620,0,,,,,,,,,,
CLCNKA,ENSG00000186510,ENSP00000332771,0,,,,,,,,,,
SPTA1,ENSG00000163554,ENSP00000495214,0,,,,,,,,,,
OSMR,ENSG00000145623,ENSP00000274276,0,,,,,,,,,,
PLEKHM1,ENSG00000225190,ENSP00000389913,0,,,,,,,,,,
NOG,ENSG00000183691,ENSP00000328181,0,,,,,,,,,,
AKT2,ENSG00000105221,ENSP00000375892,0,,,,,,,,,,
LBR,ENSG00000143815,ENSP00000272163,0,,,,,,,,,,
CYP3A5,ENSG00000106258,ENSP00000222982,0,,,,,,,,,,
KCNA1,ENSG00000111262,ENSP00000371985,0,,,,,,,,,,
ATG16L1,ENSG00000085978,ENSP00000375872,0,,,,,,,,,,
SAG,ENSG00000130561,ENSP00000386444,0,,,,,,,,,,
RPL35A,ENSG00000182899,ENSP00000495672,0,,,,,,,,,,
MOGS,ENSG00000115275,ENSP00000410992,0,,,,,,,,,,
SUMO1,ENSG00000116030,ENSP00000376077,0,,,,,,,,,,
KRT86,ENSG00000170442,ENSP00000444533,0,,,,,,,,,,
KRT81,ENSG00000205426,ENSP00000369349,0,,,,,,,,,,
KRT83,ENSG00000170523,ENSP00000293670,0,,,,,,,,,,
COL8A2,ENSG00000171812,ENSP00000380901,0,,,,,,,,,,
KRT6B,ENSG00000185479,ENSP00000252252,0,,,,,,,,,,
KRT6A,ENSG00000205420,ENSP00000369317,0,,,,,,,,,,
PRKAG2,ENSG00000106617,ENSP00000287878,0,,,,,,,,,,
MVK,ENSG00000110921,ENSP00000228510,0,,,,,,,,,,
MYH14,ENSG00000105357,ENSP00000493594,0,,,,,,,,,,
COMP,ENSG00000105664,ENSP00000222271,0,,,,,,,,,,
SLC25A38,ENSG00000144659,ENSP00000497532,0,,,,,,,,,,
IFT122,ENSG00000163913,ENSP00000324005,0,,,,,,,,,,
CEBPA,ENSG00000245848,ENSP00000427514,0,,,,,,,,,,
HJV,ENSG00000168509,ENSP00000337014,0,,,,,,,,,,
SLC37A4,ENSG00000137700,ENSP00000476242,0,,,,,,,,,,
NR0B2,ENSG00000131910,ENSP00000254227,0,,,,,,,,,,
EMG1,ENSG00000126749,ENSP00000470560,0,,,,,,,,,,
GPD1L,ENSG00000152642,ENSP00000282541,0,,,,,,,,,,
NLRP7,ENSG00000167634,ENSP00000468706,0,,,,,,,,,,
TCIRG1,ENSG00000110719,ENSP00000265686,0,,,,,,,,,,
PTPRJ,ENSG00000149177,ENSP00000400010,0,,,,,,,,,,
CD81,ENSG00000110651,ENSP00000263645,0,,,,,,,,,,
DDB2,ENSG00000134574,ENSP00000256996,0,,,,,,,,,,
NOTCH2,ENSG00000134250,ENSP00000256646,0,,,,,,,,,,
NPPA,ENSG00000175206,ENSP00000365663,0,,,,,,,,,,
PRPH,ENSG00000135406,ENSP00000257860,0,,,,,,,,,,
TNNI3,ENSG00000129991,ENSP00000341838,0,,,,,,,,,,
STK11,ENSG00000118046,ENSP00000324856,0,,,,,,,,,,
ITGA7,ENSG00000135424,ENSP00000257879,0,,,,,,,,,,
PCARE,ENSG00000179270,ENSP00000332809,0,,,,,,,,,,
ARL6,ENSG00000113966,ENSP00000419619,0,,,,,,,,,,
CLCNKB,ENSG00000184908,ENSP00000364831,0,,,,,,,,,,
KCNQ4,ENSG00000117013,ENSP00000262916,0,,,,,,,,,,
ACVRL1,ENSG00000139567,ENSP00000373574,0,,,,,,,,,,
DNM2,ENSG00000079805,ENSP00000373905,0,,,,,,,,,,
PFKM,ENSG00000152556,ENSP00000352842,0,,,,,,,,,,
HNF1A,ENSG00000135100,ENSP00000257555,0,,,,,,,,,,
RAD54L,ENSG00000085999,ENSP00000361043,0,,,,,,,,,,
COX14,ENSG00000178449,ENSP00000446524,0,,,,,,,,,,
TNNT3,ENSG00000130595,ENSP00000278317,0,,,,,,,,,,
F5,ENSG00000198734,ENSP00000356771,0,,,,,,,,,,
JUP,ENSG00000173801,ENSP00000377508,0,,,,,,,,,,
FKBP10,ENSG00000141756,ENSP00000317232,0,,,,,,,,,,
AXIN2,ENSG00000168646,ENSP00000302625,0,,,,,,,,,,
OPCML,ENSG00000183715,ENSP00000434750,0,,,,,,,,,,
F2,ENSG00000180210,ENSP00000308541,0,,,,,,,,,,
CASP8,ENSG00000064012,ENSP00000501268,0,,,,,,,,,,
CASP10,ENSG00000003400,ENSP00000286186,0,,,,,,,,,,
PICALM,ENSG00000073921,ENSP00000377015,0,,,,,,,,,,
FZD4,ENSG00000174804,ENSP00000434034,0,,,,,,,,,,
CA4,ENSG00000167434,ENSP00000300900,0,,,,,,,,,,
FAM161A,ENSG00000170264,ENSP00000385158,0,,,,,,,,,,
GAA,ENSG00000171298,ENSP00000305692,0,,,,,,,,,,
FCGR2B,ENSG00000072694,ENSP00000351497,0,,,,,,,,,,
KCNQ1,ENSG00000053918,ENSP00000155840,0,,,,,,,,,,
AK2,ENSG00000004455,ENSP00000499935,0,,,,,,,,,,
CBLIF,ENSG00000134812,ENSP00000257248,0,,,,,,,,,,
BEST1,ENSG00000167995,ENSP00000367282,0,,,,,,,,,,
MCCC1,ENSG00000078070,ENSP00000265594,0,,,,,,,,,,
CFHR3,ENSG00000116785,ENSP00000356395,0,,,,,,,,,,
IRF6,ENSG00000117595,ENSP00000355988,0,,,,,,,,,,
MMP20,ENSG00000137674,ENSP00000260228,0,,,,,,,,,,
YARS1,ENSG00000134684,ENSP00000362576,0,,,,,,,,,,
PEX19,ENSG00000162735,ENSP00000357051,0,,,,,,,,,,
MEN1,ENSG00000133895,ENSP00000394933,0,,,,,,,,,,
CRTAP,ENSG00000170275,ENSP00000323696,0,,,,,,,,,,
GATA2,ENSG00000179348,ENSP00000345681,0,,,,,,,,,,
MYO15A,ENSG00000091536,ENSP00000495481,0,,,,,,,,,,
MYL3,ENSG00000160808,ENSP00000292327,0,,,,,,,,,,
VHL,ENSG00000134086,ENSP00000256474,0,,,,,,,,,,
TMEM43,ENSG00000170876,ENSP00000303992,0,,,,,,,,,,
LPP,ENSG00000145012,ENSP00000478901,0,,,,,,,,,,
ALPL,ENSG00000162551,ENSP00000363973,0,,,,,,,,,,
SCN5A,ENSG00000183873,ENSP00000398266,0,,,,,,,,,,
IFT80,ENSG00000068885,ENSP00000312778,0,,,,,,,,,,
CFH,ENSG00000000971,ENSP00000356399,0,,,,,,,,,,
AIPL1,ENSG00000129221,ENSP00000370521,0,,,,,,,,,,
PITPNM3,ENSG00000091622,ENSP00000262483,0,,,,,,,,,,
PTPN22,ENSG00000134242,ENSP00000352833,0,,,,,,,,,,
ODC1,ENSG00000115758,ENSP00000234111,0,,,,,,,,,,
IL23R,ENSG00000162594,ENSP00000321345,0,,,,,,,,,,
LYST,ENSG00000143669,ENSP00000374443,0,,,,,,,,,,
NCF2,ENSG00000116701,ENSP00000356505,0,,,,,,,,,,
HAX1,ENSG00000143575,ENSP00000329002,0,,,,,,,,,,
PRPF3,ENSG00000117360,ENSP00000315379,0,,,,,,,,,,
FIGLA,ENSG00000183733,ENSP00000333097,0,,,,,,,,,,
FASLG,ENSG00000117560,ENSP00000356694,0,,,,,,,,,,
BCL10,ENSG00000142867,ENSP00000498104,0,,,,,,,,,,
CFHR1,ENSG00000244414,ENSP00000314299,0,,,,,,,,,,
NCSTN,ENSG00000162736,ENSP00000294785,0,,,,,,,,,,
PLA2G2A,ENSG00000188257,ENSP00000504762,0,,,,,,,,,,
ERCC3,ENSG00000163161,ENSP00000285398,0,,,,,,,,,,
CHN1,ENSG00000128656,ENSP00000386741,0,,,,,,,,,,
RFX5,ENSG00000143390,ENSP00000389130,0,,,,,,,,,,
CNGA3,ENSG00000144191,ENSP00000272602,0,,,,,,,,,,
COA5,ENSG00000183513,ENSP00000330730,0,,,,,,,,,,
NEXN,ENSG00000162614,ENSP00000333938,0,,,,,,,,,,
SIX3,ENSG00000138083,ENSP00000260653,0,,,,,,,,,,
ACTN2,ENSG00000077522,ENSP00000355537,0,,,,,,,,,,
COL3A1,ENSG00000168542,ENSP00000304408,0,,,,,,,,,,
EPB41,ENSG00000159023,ENSP00000345259,0,,,,,,,,,,
ESPN,ENSG00000187017,ENSP00000496593,0,,,,,,,,,,
BSND,ENSG00000162399,ENSP00000498282,0,,,,,,,,,,
TNNT2,ENSG00000118194,ENSP00000499593,0,,,,,,,,,,
MUTYH,ENSG00000132781,ENSP00000407590,0,,,,,,,,,,
CD244,ENSG00000122223,ENSP00000357013,0,,,,,,,,,,
SDC3,ENSG00000162512,ENSP00000344468,0,,,,,,,,,,
