"__glayCluster","name","selected","shared name"
"1","ENSG00000248713","false","ENSG00000248713"
"2","ENSG00000254122","false","ENSG00000254122"
"2","ENSG00000081842","false","ENSG00000081842"
"2","ENSG00000250120","false","ENSG00000250120"
"2","ENSG00000171943","false","ENSG00000171943"
"2","ENSG00000171208","false","ENSG00000171208"
"2","ENSG00000255408","false","ENSG00000255408"
"2","ENSG00000204962","false","ENSG00000204962"
"2","ENSG00000143850","false","ENSG00000143850"
"2","ENSG00000196369","false","ENSG00000196369"
"2","ENSG00000173626","false","ENSG00000173626"
"3","ENSG00000159063","false","ENSG00000159063"
"1","ENSG00000073910","false","ENSG00000073910"
"2","ENSG00000140848","false","ENSG00000140848"
"2","ENSG00000081853","false","ENSG00000081853"
"2","ENSG00000007341","false","ENSG00000007341"
"2","ENSG00000157077","false","ENSG00000157077"
"2","ENSG00000151789","false","ENSG00000151789"
"2","ENSG00000185274","false","ENSG00000185274"
"2","ENSG00000182870","false","ENSG00000182870"
"2","ENSG00000164588","false","ENSG00000164588"
"2","ENSG00000174473","false","ENSG00000174473"
"2","ENSG00000126522","false","ENSG00000126522"
"2","ENSG00000134775","false","ENSG00000134775"
"2","ENSG00000197415","false","ENSG00000197415"
"2","ENSG00000141429","false","ENSG00000141429"
"2","ENSG00000020577","false","ENSG00000020577"
"1","ENSG00000155330","false","ENSG00000155330"
"2","ENSG00000197705","false","ENSG00000197705"
"3","ENSG00000184838","false","ENSG00000184838"
"2","ENSG00000275832","false","ENSG00000275832"
"2","ENSG00000198838","false","ENSG00000198838"
"2","ENSG00000169594","false","ENSG00000169594"
"2","ENSG00000150361","false","ENSG00000150361"
"2","ENSG00000165914","false","ENSG00000165914"
"2","ENSG00000173068","false","ENSG00000173068"
"1","ENSG00000177888","false","ENSG00000177888"
"2","ENSG00000118946","false","ENSG00000118946"
"2","ENSG00000084710","false","ENSG00000084710"
"2","ENSG00000196935","false","ENSG00000196935"
"2","ENSG00000215474","false","ENSG00000215474"
"2","ENSG00000129493","false","ENSG00000129493"
"2","ENSG00000100926","false","ENSG00000100926"
"2","ENSG00000115616","false","ENSG00000115616"
"2","ENSG00000135090","false","ENSG00000135090"
"2","ENSG00000117600","false","ENSG00000117600"
"1","ENSG00000236104","false","ENSG00000236104"
"2","ENSG00000069018","false","ENSG00000069018"
"2","ENSG00000137124","false","ENSG00000137124"
"2","ENSG00000159423","false","ENSG00000159423"
"2","ENSG00000184226","false","ENSG00000184226"
"2","ENSG00000145687","false","ENSG00000145687"
"2","ENSG00000180613","false","ENSG00000180613"
"2","ENSG00000151322","false","ENSG00000151322"
"2","ENSG00000174279","false","ENSG00000174279"
"2","ENSG00000169744","false","ENSG00000169744"
"2","ENSG00000276644","false","ENSG00000276644"
"2","ENSG00000188620","false","ENSG00000188620"
"2","ENSG00000244694","false","ENSG00000244694"
"2","ENSG00000141576","false","ENSG00000141576"
"2","ENSG00000100271","false","ENSG00000100271"
"2","ENSG00000087903","false","ENSG00000087903"
"1","ENSG00000114648","false","ENSG00000114648"
"2","ENSG00000172572","false","ENSG00000172572"
"2","ENSG00000055118","false","ENSG00000055118"
"2","ENSG00000117013","false","ENSG00000117013"
"2","ENSG00000166897","false","ENSG00000166897"
"2","ENSG00000130675","false","ENSG00000130675"
"2","ENSG00000121297","false","ENSG00000121297"
"1","ENSG00000112406","false","ENSG00000112406"
"2","ENSG00000273274","false","ENSG00000273274"
"1","ENSG00000283439","false","ENSG00000283439"
"2","ENSG00000221818","false","ENSG00000221818"
"1","ENSG00000011332","false","ENSG00000011332"
"1","ENSG00000123636","false","ENSG00000123636"
"2","ENSG00000107021","false","ENSG00000107021"
"2","ENSG00000113716","false","ENSG00000113716"
"1","ENSG00000137413","false","ENSG00000137413"
"1","ENSG00000168795","false","ENSG00000168795"
"1","ENSG00000275023","false","ENSG00000275023"
"1","ENSG00000165359","false","ENSG00000165359"
"2","ENSG00000241973","false","ENSG00000241973"
"2","ENSG00000111275","false","ENSG00000111275"
"1","ENSG00000157657","false","ENSG00000157657"
"2","ENSG00000139117","false","ENSG00000139117"
"2","ENSG00000197183","false","ENSG00000197183"
"1","ENSG00000169155","false","ENSG00000169155"
"2","ENSG00000124772","false","ENSG00000124772"
"3","ENSG00000225614","false","ENSG00000225614"
"1","ENSG00000077684","false","ENSG00000077684"
"2","ENSG00000130830","false","ENSG00000130830"
"1","ENSG00000120071","false","ENSG00000120071"
"2","ENSG00000187391","false","ENSG00000187391"
"2","ENSG00000073150","false","ENSG00000073150"
"1","ENSG00000105866","false","ENSG00000105866"
"2","ENSG00000110723","false","ENSG00000110723"
"2","ENSG00000144642","false","ENSG00000144642"
"2","ENSG00000130511","false","ENSG00000130511"
"1","ENSG00000177030","false","ENSG00000177030"
"2","ENSG00000181690","false","ENSG00000181690"
"2","ENSG00000143032","false","ENSG00000143032"
"2","ENSG00000170743","false","ENSG00000170743"
"2","ENSG00000161082","false","ENSG00000161082"
"2","ENSG00000144550","false","ENSG00000144550"
"2","ENSG00000152932","false","ENSG00000152932"
"2","ENSG00000107282","false","ENSG00000107282"
"2","ENSG00000187135","false","ENSG00000187135"
"2","ENSG00000137177","false","ENSG00000137177"
"2","ENSG00000187672","false","ENSG00000187672"
"2","ENSG00000007384","false","ENSG00000007384"
"2","ENSG00000130338","false","ENSG00000130338"
"2","ENSG00000112379","false","ENSG00000112379"
"2","ENSG00000163531","false","ENSG00000163531"
"2","ENSG00000147862","false","ENSG00000147862"
"2","ENSG00000132405","false","ENSG00000132405"
"2","ENSG00000112320","false","ENSG00000112320"
"2","ENSG00000183117","false","ENSG00000183117"
"2","ENSG00000182463","false","ENSG00000182463"
"2","ENSG00000151276","false","ENSG00000151276"
"2","ENSG00000120549","false","ENSG00000120549"
"2","ENSG00000166342","false","ENSG00000166342"
"2","ENSG00000163624","false","ENSG00000163624"
"2","ENSG00000141905","false","ENSG00000141905"
"2","ENSG00000133318","false","ENSG00000133318"
"2","ENSG00000156453","false","ENSG00000156453"
"2","ENSG00000266028","false","ENSG00000266028"
"2","ENSG00000119771","false","ENSG00000119771"
"2","ENSG00000185737","false","ENSG00000185737"
"2","ENSG00000175115","false","ENSG00000175115"
"1","ENSG00000196233","false","ENSG00000196233"
"2","ENSG00000151746","false","ENSG00000151746"
"2","ENSG00000079691","false","ENSG00000079691"
"2","ENSG00000133401","false","ENSG00000133401"
"2","ENSG00000164574","false","ENSG00000164574"
"2","ENSG00000006740","false","ENSG00000006740"
"2","ENSG00000105738","false","ENSG00000105738"
"1","ENSG00000185619","false","ENSG00000185619"
"2","ENSG00000105926","false","ENSG00000105926"
"2","ENSG00000038532","false","ENSG00000038532"
"2","ENSG00000118473","false","ENSG00000118473"
"2","ENSG00000163995","false","ENSG00000163995"
"2","ENSG00000113657","false","ENSG00000113657"
"2","ENSG00000164796","false","ENSG00000164796"
"2","ENSG00000066827","false","ENSG00000066827"
"2","ENSG00000179981","false","ENSG00000179981"
"2","ENSG00000198795","false","ENSG00000198795"
"2","ENSG00000163873","false","ENSG00000163873"
"1","ENSG00000119669","false","ENSG00000119669"
"2","ENSG00000109738","false","ENSG00000109738"
"2","ENSG00000171189","false","ENSG00000171189"
"2","ENSG00000166006","false","ENSG00000166006"
"2","ENSG00000145863","false","ENSG00000145863"
"2","ENSG00000115155","false","ENSG00000115155"
"2","ENSG00000111886","false","ENSG00000111886"
"2","ENSG00000124493","false","ENSG00000124493"
"2","ENSG00000182674","false","ENSG00000182674"
"2","ENSG00000101746","false","ENSG00000101746"
"2","ENSG00000152578","false","ENSG00000152578"
"2","ENSG00000163285","false","ENSG00000163285"
"2","ENSG00000163623","false","ENSG00000163623"
"2","ENSG00000106689","false","ENSG00000106689"
"2","ENSG00000126778","false","ENSG00000126778"
"2","ENSG00000167081","false","ENSG00000167081"
"2","ENSG00000134138","false","ENSG00000134138"
"2","ENSG00000188803","false","ENSG00000188803"
"2","ENSG00000198914","false","ENSG00000198914"
"1","ENSG00000171604","false","ENSG00000171604"
"1","ENSG00000166860","false","ENSG00000166860"
"1","ENSG00000095951","false","ENSG00000095951"
"1","ENSG00000167771","false","ENSG00000167771"
"2","ENSG00000166450","false","ENSG00000166450"
"1","ENSG00000183741","false","ENSG00000183741"
"2","ENSG00000121068","false","ENSG00000121068"
"2","ENSG00000184486","false","ENSG00000184486"
"2","ENSG00000125285","false","ENSG00000125285"
"2","ENSG00000256463","false","ENSG00000256463"
"2","ENSG00000089116","false","ENSG00000089116"
"1","ENSG00000168772","false","ENSG00000168772"
"2","ENSG00000184302","false","ENSG00000184302"
"3","ENSG00000144712","false","ENSG00000144712"
"2","ENSG00000275410","false","ENSG00000275410"
"1","ENSG00000151612","false","ENSG00000151612"
"1","ENSG00000111752","false","ENSG00000111752"
"2","ENSG00000169184","false","ENSG00000169184"
"1","ENSG00000165417","false","ENSG00000165417"
"1","ENSG00000275221","false","ENSG00000275221"
"1","ENSG00000148143","false","ENSG00000148143"
"1","ENSG00000103460","false","ENSG00000103460"
"1","ENSG00000196787","false","ENSG00000196787"
"1","ENSG00000276903","false","ENSG00000276903"
"2","ENSG00000186094","false","ENSG00000186094"
"1","ENSG00000288859","false","ENSG00000288859"
"2","ENSG00000114978","false","ENSG00000114978"
"2","ENSG00000077147","false","ENSG00000077147"
"2","ENSG00000184007","false","ENSG00000184007"
"3","ENSG00000168264","false","ENSG00000168264"
"2","ENSG00000137449","false","ENSG00000137449"
"2","ENSG00000135097","false","ENSG00000135097"
"1","ENSG00000153944","false","ENSG00000153944"
"1","ENSG00000184270","false","ENSG00000184270"
"1","ENSG00000274997","false","ENSG00000274997"
"1","ENSG00000278463","false","ENSG00000278463"
"1","ENSG00000196747","false","ENSG00000196747"
"2","ENSG00000105613","false","ENSG00000105613"
"1","ENSG00000080839","false","ENSG00000080839"
"2","ENSG00000122870","false","ENSG00000122870"
"1","ENSG00000056487","false","ENSG00000056487"
"1","ENSG00000278677","false","ENSG00000278677"
"2","ENSG00000145451","false","ENSG00000145451"
"1","ENSG00000143033","false","ENSG00000143033"
"2","ENSG00000064655","false","ENSG00000064655"
"1","ENSG00000267796","false","ENSG00000267796"
"1","ENSG00000101544","false","ENSG00000101544"
"2","ENSG00000143190","false","ENSG00000143190"
"2","ENSG00000204612","false","ENSG00000204612"
"1","ENSG00000161939","false","ENSG00000161939"
"2","ENSG00000273706","false","ENSG00000273706"
"3","ENSG00000160410","false","ENSG00000160410"
"2","ENSG00000198911","false","ENSG00000198911"
"1","ENSG00000124575","false","ENSG00000124575"
"3","ENSG00000110422","false","ENSG00000110422"
"2","ENSG00000133612","false","ENSG00000133612"
"2","ENSG00000081059","false","ENSG00000081059"
"2","ENSG00000030419","false","ENSG00000030419"
"2","ENSG00000196092","false","ENSG00000196092"
"2","ENSG00000104967","false","ENSG00000104967"
"2","ENSG00000152284","false","ENSG00000152284"
"2","ENSG00000123338","false","ENSG00000123338"
"3","ENSG00000100105","false","ENSG00000100105"
"2","ENSG00000159842","false","ENSG00000159842"
"2","ENSG00000076770","false","ENSG00000076770"
"1","ENSG00000139697","false","ENSG00000139697"
"1","ENSG00000085185","false","ENSG00000085185"
"2","ENSG00000161405","false","ENSG00000161405"
"1","ENSG00000087087","false","ENSG00000087087"
"2","ENSG00000101489","false","ENSG00000101489"
"1","ENSG00000164758","false","ENSG00000164758"
"1","ENSG00000110844","false","ENSG00000110844"
"2","ENSG00000071564","false","ENSG00000071564"
"2","ENSG00000142949","false","ENSG00000142949"
"2","ENSG00000163788","false","ENSG00000163788"
"2","ENSG00000100784","false","ENSG00000100784"
"2","ENSG00000134532","false","ENSG00000134532"
"2","ENSG00000164742","false","ENSG00000164742"
"2","ENSG00000143842","false","ENSG00000143842"
"2","ENSG00000143995","false","ENSG00000143995"
"1","ENSG00000130227","false","ENSG00000130227"
"1","ENSG00000116017","false","ENSG00000116017"
"2","ENSG00000185811","false","ENSG00000185811"
"1","ENSG00000101189","false","ENSG00000101189"
"1","ENSG00000197579","false","ENSG00000197579"
"2","ENSG00000101115","false","ENSG00000101115"
"1","ENSG00000204366","false","ENSG00000204366"
"1","ENSG00000051596","false","ENSG00000051596"
"1","ENSG00000121579","false","ENSG00000121579"
"1","ENSG00000163872","false","ENSG00000163872"
"1","ENSG00000111596","false","ENSG00000111596"
"2","ENSG00000138795","false","ENSG00000138795"
"2","ENSG00000169554","false","ENSG00000169554"
"2","ENSG00000187323","false","ENSG00000187323"
"2","ENSG00000196218","false","ENSG00000196218"
"2","ENSG00000156113","false","ENSG00000156113"
"2","ENSG00000203867","false","ENSG00000203867"
"2","ENSG00000131711","false","ENSG00000131711"
"2","ENSG00000096696","false","ENSG00000096696"
"2","ENSG00000198648","false","ENSG00000198648"
"2","ENSG00000138101","false","ENSG00000138101"
"1","ENSG00000173889","false","ENSG00000173889"
"2","ENSG00000082805","false","ENSG00000082805"
"2","ENSG00000133627","false","ENSG00000133627"
"2","ENSG00000186439","false","ENSG00000186439"
"2","ENSG00000187239","false","ENSG00000187239"
"2","ENSG00000150867","false","ENSG00000150867"
"2","ENSG00000067798","false","ENSG00000067798"
"2","ENSG00000140750","false","ENSG00000140750"
"2","ENSG00000071205","false","ENSG00000071205"
"1","ENSG00000122779","false","ENSG00000122779"
"2","ENSG00000072832","false","ENSG00000072832"
"2","ENSG00000109790","false","ENSG00000109790"
"2","ENSG00000167487","false","ENSG00000167487"
"2","ENSG00000099949","false","ENSG00000099949"
"2","ENSG00000011114","false","ENSG00000011114"
"2","ENSG00000198642","false","ENSG00000198642"
"2","ENSG00000136636","false","ENSG00000136636"
"2","ENSG00000146021","false","ENSG00000146021"
"3","ENSG00000139990","false","ENSG00000139990"
"1","ENSG00000185278","false","ENSG00000185278"
"1","ENSG00000125812","false","ENSG00000125812"
"3","ENSG00000162298","false","ENSG00000162298"
"3","ENSG00000120029","false","ENSG00000120029"
"2","ENSG00000073803","false","ENSG00000073803"
"1","ENSG00000117751","false","ENSG00000117751"
"3","ENSG00000076321","false","ENSG00000076321"
"2","ENSG00000136720","false","ENSG00000136720"
"2","ENSG00000182256","false","ENSG00000182256"
"2","ENSG00000072736","false","ENSG00000072736"
"2","ENSG00000109158","false","ENSG00000109158"
"2","ENSG00000008294","false","ENSG00000008294"
"1","ENSG00000100731","false","ENSG00000100731"
"1","ENSG00000168826","false","ENSG00000168826"
"2","ENSG00000025796","false","ENSG00000025796"
"2","ENSG00000164741","false","ENSG00000164741"
"2","ENSG00000151615","false","ENSG00000151615"
"2","ENSG00000140488","false","ENSG00000140488"
"2","ENSG00000196220","false","ENSG00000196220"
"2","ENSG00000166025","false","ENSG00000166025"
"2","ENSG00000103449","false","ENSG00000103449"
"2","ENSG00000165379","false","ENSG00000165379"
"1","ENSG00000143889","false","ENSG00000143889"
"2","ENSG00000077092","false","ENSG00000077092"
"1","ENSG00000140367","false","ENSG00000140367"
"2","ENSG00000112183","false","ENSG00000112183"
"2","ENSG00000184564","false","ENSG00000184564"
"2","ENSG00000139910","false","ENSG00000139910"
"1","ENSG00000140455","false","ENSG00000140455"
"2","ENSG00000126733","false","ENSG00000126733"
"1","ENSG00000073584","false","ENSG00000073584"
"1","ENSG00000076067","false","ENSG00000076067"
"1","ENSG00000198700","false","ENSG00000198700"
"1","ENSG00000277224","false","ENSG00000277224"
"2","ENSG00000184156","false","ENSG00000184156"
"2","ENSG00000198162","false","ENSG00000198162"
"1","ENSG00000112282","false","ENSG00000112282"
"1","ENSG00000163125","false","ENSG00000163125"
"2","ENSG00000101109","false","ENSG00000101109"
"1","ENSG00000285827","false","ENSG00000285827"
"1","ENSG00000172493","false","ENSG00000172493"
"1","ENSG00000278588","false","ENSG00000278588"
"1","ENSG00000163848","false","ENSG00000163848"
"3","ENSG00000175215","false","ENSG00000175215"
"1","ENSG00000048828","false","ENSG00000048828"
"1","ENSG00000010244","false","ENSG00000010244"
"1","ENSG00000118900","false","ENSG00000118900"
"3","ENSG00000151148","false","ENSG00000151148"
"3","ENSG00000143458","false","ENSG00000143458"
"1","ENSG00000103479","false","ENSG00000103479"
"1","ENSG00000184343","false","ENSG00000184343"
"1","ENSG00000163660","false","ENSG00000163660"
"1","ENSG00000180592","false","ENSG00000180592"
"1","ENSG00000167674","false","ENSG00000167674"
"1","ENSG00000096063","false","ENSG00000096063"
"2","ENSG00000198597","false","ENSG00000198597"
"1","ENSG00000132964","false","ENSG00000132964"
"1","ENSG00000112624","false","ENSG00000112624"
"1","ENSG00000057935","false","ENSG00000057935"
"1","ENSG00000166503","false","ENSG00000166503"
"3","ENSG00000108306","false","ENSG00000108306"
"1","ENSG00000007545","false","ENSG00000007545"
"2","ENSG00000102858","false","ENSG00000102858"
"2","ENSG00000130940","false","ENSG00000130940"
"2","ENSG00000141542","false","ENSG00000141542"
"1","ENSG00000141582","false","ENSG00000141582"
"1","ENSG00000145495","false","ENSG00000145495"
"2","ENSG00000073282","false","ENSG00000073282"
"1","ENSG00000119950","false","ENSG00000119950"
"1","ENSG00000180357","false","ENSG00000180357"
"1","ENSG00000070444","false","ENSG00000070444"
"2","ENSG00000133243","false","ENSG00000133243"
"1","ENSG00000126464","false","ENSG00000126464"
"1","ENSG00000100084","false","ENSG00000100084"
"2","ENSG00000205922","false","ENSG00000205922"
"2","ENSG00000116604","false","ENSG00000116604"
"1","ENSG00000122515","false","ENSG00000122515"
"1","ENSG00000138767","false","ENSG00000138767"
"3","ENSG00000198728","false","ENSG00000198728"
"1","ENSG00000104859","false","ENSG00000104859"
"1","ENSG00000169592","false","ENSG00000169592"
"1","ENSG00000136451","false","ENSG00000136451"
"2","ENSG00000137193","false","ENSG00000137193"
"2","ENSG00000134982","false","ENSG00000134982"
"3","ENSG00000170604","false","ENSG00000170604"
"1","ENSG00000148411","false","ENSG00000148411"
"1","ENSG00000156860","false","ENSG00000156860"
"2","ENSG00000186472","false","ENSG00000186472"
"2","ENSG00000099814","false","ENSG00000099814"
"2","ENSG00000162337","false","ENSG00000162337"
"2","ENSG00000154845","false","ENSG00000154845"
"2","ENSG00000088808","false","ENSG00000088808"
"2","ENSG00000165995","false","ENSG00000165995"
"1","ENSG00000261221","false","ENSG00000261221"
"2","ENSG00000133275","false","ENSG00000133275"
"2","ENSG00000197562","false","ENSG00000197562"
"2","ENSG00000067191","false","ENSG00000067191"
"2","ENSG00000140386","false","ENSG00000140386"
"2","ENSG00000146555","false","ENSG00000146555"
"2","ENSG00000070018","false","ENSG00000070018"
"2","ENSG00000131409","false","ENSG00000131409"
"2","ENSG00000133812","false","ENSG00000133812"
"2","ENSG00000187730","false","ENSG00000187730"
"2","ENSG00000159409","false","ENSG00000159409"
"1","ENSG00000084093","false","ENSG00000084093"
"2","ENSG00000156687","false","ENSG00000156687"
"2","ENSG00000148408","false","ENSG00000148408"
"2","ENSG00000043355","false","ENSG00000043355"
"2","ENSG00000081248","false","ENSG00000081248"
"2","ENSG00000163251","false","ENSG00000163251"
"2","ENSG00000204681","false","ENSG00000204681"
"2","ENSG00000083307","false","ENSG00000083307"
"2","ENSG00000143126","false","ENSG00000143126"
"2","ENSG00000169855","false","ENSG00000169855"
"2","ENSG00000160469","false","ENSG00000160469"
"2","ENSG00000152990","false","ENSG00000152990"
"2","ENSG00000087095","false","ENSG00000087095"
"2","ENSG00000119547","false","ENSG00000119547"
"2","ENSG00000114853","false","ENSG00000114853"
"2","ENSG00000016082","false","ENSG00000016082"
"2","ENSG00000152192","false","ENSG00000152192"
"2","ENSG00000179242","false","ENSG00000179242"
"2","ENSG00000127152","false","ENSG00000127152"
"2","ENSG00000163288","false","ENSG00000163288"
"1","ENSG00000100281","false","ENSG00000100281"
"2","ENSG00000162415","false","ENSG00000162415"
"2","ENSG00000182168","false","ENSG00000182168"
"2","ENSG00000164330","false","ENSG00000164330"
"2","ENSG00000109132","false","ENSG00000109132"
"2","ENSG00000196361","false","ENSG00000196361"
"2","ENSG00000008300","false","ENSG00000008300"
"1","ENSG00000148840","false","ENSG00000148840"
"1","ENSG00000204469","false","ENSG00000204469"
"2","ENSG00000157107","false","ENSG00000157107"
"2","ENSG00000106031","false","ENSG00000106031"
"1","ENSG00000077458","false","ENSG00000077458"
"1","ENSG00000136891","false","ENSG00000136891"
"1","ENSG00000170653","false","ENSG00000170653"
"1","ENSG00000187837","false","ENSG00000187837"
"3","ENSG00000100014","false","ENSG00000100014"
"1","ENSG00000149658","false","ENSG00000149658"
"1","ENSG00000075539","false","ENSG00000075539"
"1","ENSG00000086589","false","ENSG00000086589"
"2","ENSG00000068305","false","ENSG00000068305"
"1","ENSG00000064313","false","ENSG00000064313"
"1","ENSG00000174953","false","ENSG00000174953"
"1","ENSG00000165521","false","ENSG00000165521"
"1","ENSG00000100461","false","ENSG00000100461"
"1","ENSG00000003756","false","ENSG00000003756"
"1","ENSG00000132466","false","ENSG00000132466"
"1","ENSG00000166436","false","ENSG00000166436"
"1","ENSG00000071894","false","ENSG00000071894"
"1","ENSG00000184357","false","ENSG00000184357"
"1","ENSG00000115421","false","ENSG00000115421"
"2","ENSG00000138246","false","ENSG00000138246"
"1","ENSG00000117000","false","ENSG00000117000"
"2","ENSG00000132613","false","ENSG00000132613"
"1","ENSG00000183337","false","ENSG00000183337"
"1","ENSG00000189308","false","ENSG00000189308"
"2","ENSG00000134313","false","ENSG00000134313"
"2","ENSG00000107036","false","ENSG00000107036"
"2","ENSG00000071189","false","ENSG00000071189"
"1","ENSG00000130856","false","ENSG00000130856"
"3","ENSG00000064726","false","ENSG00000064726"
"1","ENSG00000166831","false","ENSG00000166831"
"1","ENSG00000040341","false","ENSG00000040341"
"1","ENSG00000092148","false","ENSG00000092148"
"1","ENSG00000100941","false","ENSG00000100941"
"1","ENSG00000135250","false","ENSG00000135250"
"1","ENSG00000090905","false","ENSG00000090905"
"1","ENSG00000095574","false","ENSG00000095574"
"2","ENSG00000008869","false","ENSG00000008869"
"2","ENSG00000132294","false","ENSG00000132294"
"1","ENSG00000143368","false","ENSG00000143368"
"1","ENSG00000048405","false","ENSG00000048405"
"1","ENSG00000141570","false","ENSG00000141570"
"1","ENSG00000147162","false","ENSG00000147162"
"2","ENSG00000170396","false","ENSG00000170396"
"1","ENSG00000176444","false","ENSG00000176444"
"1","ENSG00000185246","false","ENSG00000185246"
"1","ENSG00000162775","false","ENSG00000162775"
"1","ENSG00000145216","false","ENSG00000145216"
"1","ENSG00000125755","false","ENSG00000125755"
"2","ENSG00000092439","false","ENSG00000092439"
"2","ENSG00000177508","false","ENSG00000177508"
"1","ENSG00000254598","false","ENSG00000254598"
"1","ENSG00000128191","false","ENSG00000128191"
"1","ENSG00000047188","false","ENSG00000047188"
"2","ENSG00000184408","false","ENSG00000184408"
"2","ENSG00000163625","false","ENSG00000163625"
"2","ENSG00000172725","false","ENSG00000172725"
"2","ENSG00000277363","false","ENSG00000277363"
"2","ENSG00000183230","false","ENSG00000183230"
"2","ENSG00000144369","false","ENSG00000144369"
"2","ENSG00000152208","false","ENSG00000152208"
"2","ENSG00000095203","false","ENSG00000095203"
"2","ENSG00000183454","false","ENSG00000183454"
"2","ENSG00000151474","false","ENSG00000151474"
"2","ENSG00000273079","false","ENSG00000273079"
"2","ENSG00000165495","false","ENSG00000165495"
"2","ENSG00000187961","false","ENSG00000187961"
"2","ENSG00000110076","false","ENSG00000110076"
"1","ENSG00000135655","false","ENSG00000135655"
"2","ENSG00000198010","false","ENSG00000198010"
"2","ENSG00000100523","false","ENSG00000100523"
"1","ENSG00000100354","false","ENSG00000100354"
"2","ENSG00000149571","false","ENSG00000149571"
"2","ENSG00000128578","false","ENSG00000128578"
"2","ENSG00000153707","false","ENSG00000153707"
"2","ENSG00000067840","false","ENSG00000067840"
"2","ENSG00000170579","false","ENSG00000170579"
"2","ENSG00000139220","false","ENSG00000139220"
"2","ENSG00000136535","false","ENSG00000136535"
"2","ENSG00000196792","false","ENSG00000196792"
"1","ENSG00000102786","false","ENSG00000102786"
"2","ENSG00000077063","false","ENSG00000077063"
"1","ENSG00000180573","false","ENSG00000180573"
"1","ENSG00000246705","false","ENSG00000246705"
"1","ENSG00000167258","false","ENSG00000167258"
"1","ENSG00000028310","false","ENSG00000028310"
"1","ENSG00000171988","false","ENSG00000171988"
"2","ENSG00000142611","false","ENSG00000142611"
"1","ENSG00000104885","false","ENSG00000104885"
"1","ENSG00000177485","false","ENSG00000177485"
"1","ENSG00000135040","false","ENSG00000135040"
"1","ENSG00000109118","false","ENSG00000109118"
"1","ENSG00000139651","false","ENSG00000139651"
"2","ENSG00000131759","false","ENSG00000131759"
"1","ENSG00000273802","false","ENSG00000273802"
"2","ENSG00000123411","false","ENSG00000123411"
"1","ENSG00000187605","false","ENSG00000187605"
"1","ENSG00000136504","false","ENSG00000136504"
"1","ENSG00000178691","false","ENSG00000178691"
"1","ENSG00000197724","false","ENSG00000197724"
"1","ENSG00000276180","false","ENSG00000276180"
"2","ENSG00000116833","false","ENSG00000116833"
"2","ENSG00000127527","false","ENSG00000127527"
"1","ENSG00000182095","false","ENSG00000182095"
"2","ENSG00000105698","false","ENSG00000105698"
"2","ENSG00000186487","false","ENSG00000186487"
"1","ENSG00000270882","false","ENSG00000270882"
"2","ENSG00000185551","false","ENSG00000185551"
"1","ENSG00000130382","false","ENSG00000130382"
"1","ENSG00000138336","false","ENSG00000138336"
"2","ENSG00000119866","false","ENSG00000119866"
"1","ENSG00000150347","false","ENSG00000150347"
"1","ENSG00000124177","false","ENSG00000124177"
"1","ENSG00000182979","false","ENSG00000182979"
"1","ENSG00000189060","false","ENSG00000189060"
"2","ENSG00000091129","false","ENSG00000091129"
"2","ENSG00000184271","false","ENSG00000184271"
"1","ENSG00000270276","false","ENSG00000270276"
"1","ENSG00000132005","false","ENSG00000132005"
"1","ENSG00000181090","false","ENSG00000181090"
"1","ENSG00000269897","false","ENSG00000269897"
"1","ENSG00000185591","false","ENSG00000185591"
"1","ENSG00000008083","false","ENSG00000008083"
"1","ENSG00000083168","false","ENSG00000083168"
"1","ENSG00000108773","false","ENSG00000108773"
"1","ENSG00000273542","false","ENSG00000273542"
"1","ENSG00000171148","false","ENSG00000171148"
"1","ENSG00000100811","false","ENSG00000100811"
"2","ENSG00000057657","false","ENSG00000057657"
"1","ENSG00000178951","false","ENSG00000178951"
"1","ENSG00000196498","false","ENSG00000196498"
"1","ENSG00000006459","false","ENSG00000006459"
"1","ENSG00000112365","false","ENSG00000112365"
"1","ENSG00000278637","false","ENSG00000278637"
"1","ENSG00000005302","false","ENSG00000005302"
"1","ENSG00000168283","false","ENSG00000168283"
"1","ENSG00000160633","false","ENSG00000160633"
"2","ENSG00000176490","false","ENSG00000176490"
"1","ENSG00000179950","false","ENSG00000179950"
"1","ENSG00000164134","false","ENSG00000164134"
"1","ENSG00000186625","false","ENSG00000186625"
"2","ENSG00000131626","false","ENSG00000131626"
"1","ENSG00000068878","false","ENSG00000068878"
"1","ENSG00000121481","false","ENSG00000121481"
"2","ENSG00000137817","false","ENSG00000137817"
"2","ENSG00000109906","false","ENSG00000109906"
"2","ENSG00000127124","false","ENSG00000127124"
"1","ENSG00000113141","false","ENSG00000113141"
"1","ENSG00000277058","false","ENSG00000277058"
"1","ENSG00000084463","false","ENSG00000084463"
"2","ENSG00000107854","false","ENSG00000107854"
"2","ENSG00000184640","false","ENSG00000184640"
"2","ENSG00000175745","false","ENSG00000175745"
"1","ENSG00000078967","false","ENSG00000078967"
"1","ENSG00000087365","false","ENSG00000087365"
"1","ENSG00000179412","false","ENSG00000179412"
"1","ENSG00000100129","false","ENSG00000100129"
"1","ENSG00000080802","false","ENSG00000080802"
"1","ENSG00000072401","false","ENSG00000072401"
"1","ENSG00000127481","false","ENSG00000127481"
"1","ENSG00000169564","false","ENSG00000169564"
"1","ENSG00000149100","false","ENSG00000149100"
"2","ENSG00000196365","false","ENSG00000196365"
"1","ENSG00000131508","false","ENSG00000131508"
"1","ENSG00000176102","false","ENSG00000176102"
"1","ENSG00000111530","false","ENSG00000111530"
"1","ENSG00000166181","false","ENSG00000166181"
"1","ENSG00000120690","false","ENSG00000120690"
"1","ENSG00000085872","false","ENSG00000085872"
"2","ENSG00000165092","false","ENSG00000165092"
"1","ENSG00000102781","false","ENSG00000102781"
"1","ENSG00000175550","false","ENSG00000175550"
"3","ENSG00000117153","false","ENSG00000117153"
"1","ENSG00000092377","false","ENSG00000092377"
"1","ENSG00000137871","false","ENSG00000137871"
"1","ENSG00000177200","false","ENSG00000177200"
"1","ENSG00000156650","false","ENSG00000156650"
"1","ENSG00000012817","false","ENSG00000012817"
"2","ENSG00000101958","false","ENSG00000101958"
"1","ENSG00000011258","false","ENSG00000011258"
"1","ENSG00000162664","false","ENSG00000162664"
"1","ENSG00000165671","false","ENSG00000165671"
"1","ENSG00000187325","false","ENSG00000187325"
"1","ENSG00000196323","false","ENSG00000196323"
"1","ENSG00000146463","false","ENSG00000146463"
"2","ENSG00000182968","false","ENSG00000182968"
"1","ENSG00000121741","false","ENSG00000121741"
"1","ENSG00000114374","false","ENSG00000114374"
"1","ENSG00000172766","false","ENSG00000172766"
"1","ENSG00000198160","false","ENSG00000198160"
"1","ENSG00000141431","false","ENSG00000141431"
"1","ENSG00000067646","false","ENSG00000067646"
"2","ENSG00000112531","false","ENSG00000112531"
"2","ENSG00000185920","false","ENSG00000185920"
"2","ENSG00000143171","false","ENSG00000143171"
"2","ENSG00000137766","false","ENSG00000137766"
"2","ENSG00000112232","false","ENSG00000112232"
"1","ENSG00000160201","false","ENSG00000160201"
"1","ENSG00000189079","false","ENSG00000189079"
"1","ENSG00000122728","false","ENSG00000122728"
"2","ENSG00000100146","false","ENSG00000100146"
"3","ENSG00000143164","false","ENSG00000143164"
"2","ENSG00000152822","false","ENSG00000152822"
"2","ENSG00000130477","false","ENSG00000130477"
"2","ENSG00000131023","false","ENSG00000131023"
"2","ENSG00000150457","false","ENSG00000150457"
"2","ENSG00000134595","false","ENSG00000134595"
"2","ENSG00000172819","false","ENSG00000172819"
"2","ENSG00000196781","false","ENSG00000196781"
"1","ENSG00000171456","false","ENSG00000171456"
"2","ENSG00000168702","false","ENSG00000168702"
"1","ENSG00000117713","false","ENSG00000117713"
"1","ENSG00000109111","false","ENSG00000109111"
"2","ENSG00000137672","false","ENSG00000137672"
"2","ENSG00000131773","false","ENSG00000131773"
"1","ENSG00000049618","false","ENSG00000049618"
"2","ENSG00000131725","false","ENSG00000131725"
"1","ENSG00000163930","false","ENSG00000163930"
"2","ENSG00000126217","false","ENSG00000126217"
"2","ENSG00000123104","false","ENSG00000123104"
"1","ENSG00000121774","false","ENSG00000121774"
"2","ENSG00000138741","false","ENSG00000138741"
"2","ENSG00000126016","false","ENSG00000126016"
"2","ENSG00000168959","false","ENSG00000168959"
"2","ENSG00000100077","false","ENSG00000100077"
"2","ENSG00000079841","false","ENSG00000079841"
"2","ENSG00000082458","false","ENSG00000082458"
"2","ENSG00000103723","false","ENSG00000103723"
"1","ENSG00000160062","false","ENSG00000160062"
"1","ENSG00000170234","false","ENSG00000170234"
"1","ENSG00000102030","false","ENSG00000102030"
"1","ENSG00000196700","false","ENSG00000196700"
"2","ENSG00000075043","false","ENSG00000075043"
"2","ENSG00000069020","false","ENSG00000069020"
"1","ENSG00000173575","false","ENSG00000173575"
"2","ENSG00000111249","false","ENSG00000111249"
"2","ENSG00000171587","false","ENSG00000171587"
"1","ENSG00000125351","false","ENSG00000125351"
"2","ENSG00000138650","false","ENSG00000138650"
"2","ENSG00000117016","false","ENSG00000117016"
"1","ENSG00000126012","false","ENSG00000126012"
"2","ENSG00000182287","false","ENSG00000182287"
"3","ENSG00000080561","false","ENSG00000080561"
"2","ENSG00000116544","false","ENSG00000116544"
"1","ENSG00000146776","false","ENSG00000146776"
"2","ENSG00000155897","false","ENSG00000155897"
"2","ENSG00000182771","false","ENSG00000182771"
"2","ENSG00000100346","false","ENSG00000100346"
"2","ENSG00000011677","false","ENSG00000011677"
"2","ENSG00000102349","false","ENSG00000102349"
"2","ENSG00000196338","false","ENSG00000196338"
"2","ENSG00000169862","false","ENSG00000169862"
"2","ENSG00000100150","false","ENSG00000100150"
"2","ENSG00000166206","false","ENSG00000166206"
"2","ENSG00000086015","false","ENSG00000086015"
"2","ENSG00000196557","false","ENSG00000196557"
"1","ENSG00000184083","false","ENSG00000184083"
"2","ENSG00000130449","false","ENSG00000130449"
"2","ENSG00000107864","false","ENSG00000107864"
"2","ENSG00000079482","false","ENSG00000079482"
"2","ENSG00000050030","false","ENSG00000050030"
"1","ENSG00000099917","false","ENSG00000099917"
"1","ENSG00000156304","false","ENSG00000156304"
"1","ENSG00000168813","false","ENSG00000168813"
"1","ENSG00000165209","false","ENSG00000165209"
"2","ENSG00000112335","false","ENSG00000112335"
"1","ENSG00000197837","false","ENSG00000197837"
"1","ENSG00000113593","false","ENSG00000113593"
"1","ENSG00000173473","false","ENSG00000173473"
"1","ENSG00000119778","false","ENSG00000119778"
"1","ENSG00000120733","false","ENSG00000120733"
"1","ENSG00000056097","false","ENSG00000056097"
"1","ENSG00000130749","false","ENSG00000130749"
"1","ENSG00000278705","false","ENSG00000278705"
"1","ENSG00000171467","false","ENSG00000171467"
"1","ENSG00000277075","false","ENSG00000277075"
"1","ENSG00000118412","false","ENSG00000118412"
"1","ENSG00000275774","false","ENSG00000275774"
"1","ENSG00000104852","false","ENSG00000104852"
"1","ENSG00000149480","false","ENSG00000149480"
"1","ENSG00000171448","false","ENSG00000171448"
"1","ENSG00000092201","false","ENSG00000092201"
"1","ENSG00000073111","false","ENSG00000073111"
"1","ENSG00000152217","false","ENSG00000152217"
"1","ENSG00000105127","false","ENSG00000105127"
"1","ENSG00000099804","false","ENSG00000099804"
"1","ENSG00000104973","false","ENSG00000104973"
"1","ENSG00000114742","false","ENSG00000114742"
"1","ENSG00000092853","false","ENSG00000092853"
"1","ENSG00000155827","false","ENSG00000155827"
"1","ENSG00000165934","false","ENSG00000165934"
"1","ENSG00000090060","false","ENSG00000090060"
"1","ENSG00000187735","false","ENSG00000187735"
"1","ENSG00000125651","false","ENSG00000125651"
"1","ENSG00000139613","false","ENSG00000139613"
"1","ENSG00000198176","false","ENSG00000198176"
"1","ENSG00000263001","false","ENSG00000263001"
"1","ENSG00000171566","false","ENSG00000171566"
"1","ENSG00000042429","false","ENSG00000042429"
"1","ENSG00000204560","false","ENSG00000204560"
"1","ENSG00000175216","false","ENSG00000175216"
"1","ENSG00000156983","false","ENSG00000156983"
"1","ENSG00000120798","false","ENSG00000120798"
"1","ENSG00000118007","false","ENSG00000118007"
"1","ENSG00000275052","false","ENSG00000275052"
"1","ENSG00000156802","false","ENSG00000156802"
"1","ENSG00000174891","false","ENSG00000174891"
"1","ENSG00000149136","false","ENSG00000149136"
"1","ENSG00000079313","false","ENSG00000079313"
"1","ENSG00000275126","false","ENSG00000275126"
"1","ENSG00000108175","false","ENSG00000108175"
"2","ENSG00000158321","false","ENSG00000158321"
"1","ENSG00000277157","false","ENSG00000277157"
"1","ENSG00000099995","false","ENSG00000099995"
"1","ENSG00000169925","false","ENSG00000169925"
"1","ENSG00000136938","false","ENSG00000136938"
"1","ENSG00000184661","false","ENSG00000184661"
"1","ENSG00000096070","false","ENSG00000096070"
"1","ENSG00000198218","false","ENSG00000198218"
"1","ENSG00000049541","false","ENSG00000049541"
"1","ENSG00000141446","false","ENSG00000141446"
"1","ENSG00000129315","false","ENSG00000129315"
"1","ENSG00000129691","false","ENSG00000129691"
"1","ENSG00000116539","false","ENSG00000116539"
"1","ENSG00000181555","false","ENSG00000181555"
"1","ENSG00000174718","false","ENSG00000174718"
"1","ENSG00000167522","false","ENSG00000167522"
"1","ENSG00000147548","false","ENSG00000147548"
"1","ENSG00000165632","false","ENSG00000165632"
"1","ENSG00000159140","false","ENSG00000159140"
"1","ENSG00000272333","false","ENSG00000272333"
"1","ENSG00000215421","false","ENSG00000215421"
"1","ENSG00000025293","false","ENSG00000025293"
"1","ENSG00000054267","false","ENSG00000054267"
"1","ENSG00000139718","false","ENSG00000139718"
"1","ENSG00000186566","false","ENSG00000186566"
"1","ENSG00000134186","false","ENSG00000134186"
"2","ENSG00000054611","false","ENSG00000054611"
"1","ENSG00000145734","false","ENSG00000145734"
"1","ENSG00000157212","false","ENSG00000157212"
"1","ENSG00000176542","false","ENSG00000176542"
"1","ENSG00000112739","false","ENSG00000112739"
"1","ENSG00000187257","false","ENSG00000187257"
"1","ENSG00000183354","false","ENSG00000183354"
"1","ENSG00000099381","false","ENSG00000099381"
"1","ENSG00000111642","false","ENSG00000111642"
"1","ENSG00000029363","false","ENSG00000029363"
"1","ENSG00000137776","false","ENSG00000137776"
"1","ENSG00000101745","false","ENSG00000101745"
"1","ENSG00000009954","false","ENSG00000009954"
"1","ENSG00000129292","false","ENSG00000129292"
"1","ENSG00000109920","false","ENSG00000109920"
"2","ENSG00000145349","false","ENSG00000145349"
"1","ENSG00000139218","false","ENSG00000139218"
"1","ENSG00000163714","false","ENSG00000163714"
"2","ENSG00000169762","false","ENSG00000169762"
"1","ENSG00000163694","false","ENSG00000163694"
"1","ENSG00000048649","false","ENSG00000048649"
"1","ENSG00000118058","false","ENSG00000118058"
"1","ENSG00000163510","false","ENSG00000163510"
"1","ENSG00000198586","false","ENSG00000198586"
"1","ENSG00000119707","false","ENSG00000119707"
"1","ENSG00000110066","false","ENSG00000110066"
"1","ENSG00000005483","false","ENSG00000005483"
"1","ENSG00000116580","false","ENSG00000116580"
"1","ENSG00000100888","false","ENSG00000100888"
"1","ENSG00000119596","false","ENSG00000119596"
"1","ENSG00000126461","false","ENSG00000126461"
"1","ENSG00000125676","false","ENSG00000125676"
"1","ENSG00000167548","false","ENSG00000167548"
"1","ENSG00000147133","false","ENSG00000147133"
"1","ENSG00000072364","false","ENSG00000072364"
"1","ENSG00000166716","false","ENSG00000166716"
"1","ENSG00000060339","false","ENSG00000060339"
"1","ENSG00000091009","false","ENSG00000091009"
"1","ENSG00000168137","false","ENSG00000168137"
"2","ENSG00000113742","false","ENSG00000113742"
"1","ENSG00000164944","false","ENSG00000164944"
"1","ENSG00000145919","false","ENSG00000145919"
"1","ENSG00000115524","false","ENSG00000115524"
"1","ENSG00000171634","false","ENSG00000171634"
"1","ENSG00000032219","false","ENSG00000032219"
"1","ENSG00000130254","false","ENSG00000130254"
"1","ENSG00000083642","false","ENSG00000083642"
"1","ENSG00000038219","false","ENSG00000038219"
"1","ENSG00000136937","false","ENSG00000136937"
"1","ENSG00000078403","false","ENSG00000078403"
"2","ENSG00000181790","false","ENSG00000181790"
"1","ENSG00000205609","false","ENSG00000205609"
"2","ENSG00000135298","false","ENSG00000135298"
"1","ENSG00000102038","false","ENSG00000102038"
"1","ENSG00000111676","false","ENSG00000111676"
"1","ENSG00000100764","false","ENSG00000100764"
"1","ENSG00000131503","false","ENSG00000131503"
"1","ENSG00000095564","false","ENSG00000095564"
"1","ENSG00000169180","false","ENSG00000169180"
"4","ENSG00000066084","false","ENSG00000066084"
"1","ENSG00000074755","false","ENSG00000074755"
"1","ENSG00000064419","false","ENSG00000064419"
"1","ENSG00000187741","false","ENSG00000187741"
"1","ENSG00000159459","false","ENSG00000159459"
"1","ENSG00000131013","false","ENSG00000131013"
"2","ENSG00000151240","false","ENSG00000151240"
"1","ENSG00000111834","false","ENSG00000111834"
"1","ENSG00000127616","false","ENSG00000127616"
"1","ENSG00000164190","false","ENSG00000164190"
"1","ENSG00000108424","false","ENSG00000108424"
"2","ENSG00000155966","false","ENSG00000155966"
"1","ENSG00000138757","false","ENSG00000138757"
"1","ENSG00000124160","false","ENSG00000124160"
"1","ENSG00000159086","false","ENSG00000159086"
"1","ENSG00000108055","false","ENSG00000108055"
"1","ENSG00000155561","false","ENSG00000155561"
"1","ENSG00000113812","false","ENSG00000113812"
"1","ENSG00000170832","false","ENSG00000170832"
"1","ENSG00000085415","false","ENSG00000085415"
"1","ENSG00000157741","false","ENSG00000157741"
"1","ENSG00000254996","false","ENSG00000254996"
"1","ENSG00000188994","false","ENSG00000188994"
"1","ENSG00000025800","false","ENSG00000025800"
"1","ENSG00000152520","false","ENSG00000152520"
"1","ENSG00000113569","false","ENSG00000113569"
"1","ENSG00000108344","false","ENSG00000108344"
"1","ENSG00000136527","false","ENSG00000136527"
"1","ENSG00000114857","false","ENSG00000114857"
"1","ENSG00000076924","false","ENSG00000076924"
"1","ENSG00000274618","false","ENSG00000274618"
"1","ENSG00000168556","false","ENSG00000168556"
"2","ENSG00000186231","false","ENSG00000186231"
"1","ENSG00000105229","false","ENSG00000105229"
"2","ENSG00000120645","false","ENSG00000120645"
"2","ENSG00000083290","false","ENSG00000083290"
"1","ENSG00000172534","false","ENSG00000172534"
"1","ENSG00000106263","false","ENSG00000106263"
"1","ENSG00000185130","false","ENSG00000185130"
"1","ENSG00000196866","false","ENSG00000196866"
"1","ENSG00000162521","false","ENSG00000162521"
"1","ENSG00000100462","false","ENSG00000100462"
"1","ENSG00000121390","false","ENSG00000121390"
"1","ENSG00000140829","false","ENSG00000140829"
"2","ENSG00000091157","false","ENSG00000091157"
"1","ENSG00000105576","false","ENSG00000105576"
"1","ENSG00000126254","false","ENSG00000126254"
"1","ENSG00000144028","false","ENSG00000144028"
"2","ENSG00000165280","false","ENSG00000165280"
"1","ENSG00000274641","false","ENSG00000274641"
"1","ENSG00000122257","false","ENSG00000122257"
"1","ENSG00000189091","false","ENSG00000189091"
"2","ENSG00000068971","false","ENSG00000068971"
"1","ENSG00000126457","false","ENSG00000126457"
"1","ENSG00000149308","false","ENSG00000149308"
"1","ENSG00000172977","false","ENSG00000172977"
"1","ENSG00000171444","false","ENSG00000171444"
"1","ENSG00000134371","false","ENSG00000134371"
"1","ENSG00000197903","false","ENSG00000197903"
"1","ENSG00000163214","false","ENSG00000163214"
"1","ENSG00000088930","false","ENSG00000088930"
"1","ENSG00000109606","false","ENSG00000109606"
"1","ENSG00000233822","false","ENSG00000233822"
"1","ENSG00000175166","false","ENSG00000175166"
"1","ENSG00000071243","false","ENSG00000071243"
"1","ENSG00000164880","false","ENSG00000164880"
"1","ENSG00000183495","false","ENSG00000183495"
"1","ENSG00000114982","false","ENSG00000114982"
"1","ENSG00000120158","false","ENSG00000120158"
"2","ENSG00000105063","false","ENSG00000105063"
"1","ENSG00000124207","false","ENSG00000124207"
"1","ENSG00000275713","false","ENSG00000275713"
"1","ENSG00000108395","false","ENSG00000108395"
"1","ENSG00000105323","false","ENSG00000105323"
"1","ENSG00000205339","false","ENSG00000205339"
"1","ENSG00000080603","false","ENSG00000080603"
"1","ENSG00000184575","false","ENSG00000184575"
"2","ENSG00000160551","false","ENSG00000160551"
"3","ENSG00000100991","false","ENSG00000100991"
"1","ENSG00000167615","false","ENSG00000167615"
"1","ENSG00000135829","false","ENSG00000135829"
"1","ENSG00000276410","false","ENSG00000276410"
"1","ENSG00000133704","false","ENSG00000133704"
"1","ENSG00000168883","false","ENSG00000168883"
"1","ENSG00000001167","false","ENSG00000001167"
"1","ENSG00000171824","false","ENSG00000171824"
"1","ENSG00000175792","false","ENSG00000175792"
"1","ENSG00000184110","false","ENSG00000184110"
"2","ENSG00000007047","false","ENSG00000007047"
"1","ENSG00000153914","false","ENSG00000153914"
"2","ENSG00000073711","false","ENSG00000073711"
"1","ENSG00000273703","false","ENSG00000273703"
"1","ENSG00000063244","false","ENSG00000063244"
"1","ENSG00000109171","false","ENSG00000109171"
"1","ENSG00000118482","false","ENSG00000118482"
"1","ENSG00000108256","false","ENSG00000108256"
"2","ENSG00000204178","false","ENSG00000204178"
"1","ENSG00000121892","false","ENSG00000121892"
"2","ENSG00000128918","false","ENSG00000128918"
"1","ENSG00000145833","false","ENSG00000145833"
"1","ENSG00000104517","false","ENSG00000104517"
"2","ENSG00000143149","false","ENSG00000143149"
"1","ENSG00000186660","false","ENSG00000186660"
"1","ENSG00000172845","false","ENSG00000172845"
"1","ENSG00000183207","false","ENSG00000183207"
"2","ENSG00000168487","false","ENSG00000168487"
"1","ENSG00000123136","false","ENSG00000123136"
"1","ENSG00000152484","false","ENSG00000152484"
"1","ENSG00000141568","false","ENSG00000141568"
"2","ENSG00000049759","false","ENSG00000049759"
"1","ENSG00000117625","false","ENSG00000117625"
"1","ENSG00000180182","false","ENSG00000180182"
"2","ENSG00000107863","false","ENSG00000107863"
"2","ENSG00000073921","false","ENSG00000073921"
"2","ENSG00000136144","false","ENSG00000136144"
"2","ENSG00000131196","false","ENSG00000131196"
"1","ENSG00000128908","false","ENSG00000128908"
"4","ENSG00000138386","false","ENSG00000138386"
"1","ENSG00000160877","false","ENSG00000160877"
"2","ENSG00000151208","false","ENSG00000151208"
"1","ENSG00000100722","false","ENSG00000100722"
"1","ENSG00000124571","false","ENSG00000124571"
"1","ENSG00000135999","false","ENSG00000135999"
"1","ENSG00000141084","false","ENSG00000141084"
"1","ENSG00000108654","false","ENSG00000108654"
"1","ENSG00000155111","false","ENSG00000155111"
"2","ENSG00000273749","false","ENSG00000273749"
"1","ENSG00000276368","false","ENSG00000276368"
"1","ENSG00000130024","false","ENSG00000130024"
"1","ENSG00000101193","false","ENSG00000101193"
"2","ENSG00000123384","false","ENSG00000123384"
"1","ENSG00000065883","false","ENSG00000065883"
"1","ENSG00000176407","false","ENSG00000176407"
"2","ENSG00000186591","false","ENSG00000186591"
"1","ENSG00000095787","false","ENSG00000095787"
"1","ENSG00000079134","false","ENSG00000079134"
"1","ENSG00000138081","false","ENSG00000138081"
"1","ENSG00000082898","false","ENSG00000082898"
"1","ENSG00000155313","false","ENSG00000155313"
"1","ENSG00000166889","false","ENSG00000166889"
"2","ENSG00000185359","false","ENSG00000185359"
"1","ENSG00000198373","false","ENSG00000198373"
"1","ENSG00000125107","false","ENSG00000125107"
"2","ENSG00000006283","false","ENSG00000006283"
"1","ENSG00000062650","false","ENSG00000062650"
"2","ENSG00000072518","false","ENSG00000072518"
"2","ENSG00000002746","false","ENSG00000002746"
"1","ENSG00000132953","false","ENSG00000132953"
"1","ENSG00000107341","false","ENSG00000107341"
"1","ENSG00000103657","false","ENSG00000103657"
"1","ENSG00000141030","false","ENSG00000141030"
"2","ENSG00000108091","false","ENSG00000108091"
"1","ENSG00000066422","false","ENSG00000066422"
"2","ENSG00000108854","false","ENSG00000108854"
"1","ENSG00000128731","false","ENSG00000128731"
"2","ENSG00000075413","false","ENSG00000075413"
"1","ENSG00000174243","false","ENSG00000174243"
"2","ENSG00000129993","false","ENSG00000129993"
"2","ENSG00000166689","false","ENSG00000166689"
"1","ENSG00000131149","false","ENSG00000131149"
"2","ENSG00000173273","false","ENSG00000173273"
"1","ENSG00000130939","false","ENSG00000130939"
"1","ENSG00000158435","false","ENSG00000158435"
"1","ENSG00000115464","false","ENSG00000115464"
"2","ENSG00000052126","false","ENSG00000052126"
"1","ENSG00000089902","false","ENSG00000089902"
"1","ENSG00000175105","false","ENSG00000175105"
"1","ENSG00000109189","false","ENSG00000109189"
"3","ENSG00000010017","false","ENSG00000010017"
"1","ENSG00000073614","false","ENSG00000073614"
"1","ENSG00000171720","false","ENSG00000171720"
"1","ENSG00000067596","false","ENSG00000067596"
"2","ENSG00000070808","false","ENSG00000070808"
"3","ENSG00000158161","false","ENSG00000158161"
"1","ENSG00000114166","false","ENSG00000114166"
"1","ENSG00000110851","false","ENSG00000110851"
"1","ENSG00000066117","false","ENSG00000066117"
"1","ENSG00000138398","false","ENSG00000138398"
"2","ENSG00000186951","false","ENSG00000186951"
"2","ENSG00000129245","false","ENSG00000129245"
"1","ENSG00000085224","false","ENSG00000085224"
"1","ENSG00000036549","false","ENSG00000036549"
"2","ENSG00000157152","false","ENSG00000157152"
"1","ENSG00000184260","false","ENSG00000184260"
"1","ENSG00000166266","false","ENSG00000166266"
"1","ENSG00000101161","false","ENSG00000101161"
"3","ENSG00000036257","false","ENSG00000036257"
"2","ENSG00000110721","false","ENSG00000110721"
"2","ENSG00000172379","false","ENSG00000172379"
"1","ENSG00000146247","false","ENSG00000146247"
"2","ENSG00000169057","false","ENSG00000169057"
"2","ENSG00000121440","false","ENSG00000121440"
"2","ENSG00000128881","false","ENSG00000128881"
"1","ENSG00000089094","false","ENSG00000089094"
"1","ENSG00000055609","false","ENSG00000055609"
"1","ENSG00000083312","false","ENSG00000083312"
"2","ENSG00000186350","false","ENSG00000186350"
"2","ENSG00000198963","false","ENSG00000198963"
"1","ENSG00000114439","false","ENSG00000114439"
"1","ENSG00000055130","false","ENSG00000055130"
"1","ENSG00000116478","false","ENSG00000116478"
"1","ENSG00000138668","false","ENSG00000138668"
"2","ENSG00000213923","false","ENSG00000213923"
"1","ENSG00000166855","false","ENSG00000166855"
"2","ENSG00000283900","false","ENSG00000283900"
"1","ENSG00000094880","false","ENSG00000094880"
"1","ENSG00000054118","false","ENSG00000054118"
"1","ENSG00000100393","false","ENSG00000100393"
"1","ENSG00000165288","false","ENSG00000165288"
"2","ENSG00000139287","false","ENSG00000139287"
"1","ENSG00000088305","false","ENSG00000088305"
"2","ENSG00000133794","false","ENSG00000133794"
"1","ENSG00000173276","false","ENSG00000173276"
"2","ENSG00000114416","false","ENSG00000114416"
"1","ENSG00000288825","false","ENSG00000288825"
"2","ENSG00000005810","false","ENSG00000005810"
"1","ENSG00000171316","false","ENSG00000171316"
"1","ENSG00000139842","false","ENSG00000139842"
"2","ENSG00000102452","false","ENSG00000102452"
"2","ENSG00000149403","false","ENSG00000149403"
"1","ENSG00000173120","false","ENSG00000173120"
"2","ENSG00000115183","false","ENSG00000115183"
"1","ENSG00000137947","false","ENSG00000137947"
"1","ENSG00000120837","false","ENSG00000120837"
"1","ENSG00000004487","false","ENSG00000004487"
"1","ENSG00000140396","false","ENSG00000140396"
"1","ENSG00000153147","false","ENSG00000153147"
"2","ENSG00000104447","false","ENSG00000104447"
"1","ENSG00000141027","false","ENSG00000141027"
"2","ENSG00000134852","false","ENSG00000134852"
"2","ENSG00000167658","false","ENSG00000167658"
"1","ENSG00000005339","false","ENSG00000005339"
"2","ENSG00000109819","false","ENSG00000109819"
"2","ENSG00000102081","false","ENSG00000102081"
"1","ENSG00000173692","false","ENSG00000173692"
"1","ENSG00000108557","false","ENSG00000108557"
"1","ENSG00000153922","false","ENSG00000153922"
"2","ENSG00000127585","false","ENSG00000127585"
"2","ENSG00000112640","false","ENSG00000112640"
"1","ENSG00000011304","false","ENSG00000011304"
"2","ENSG00000151623","false","ENSG00000151623"
"3","ENSG00000011485","false","ENSG00000011485"
"2","ENSG00000169856","false","ENSG00000169856"
"2","ENSG00000166167","false","ENSG00000166167"
"1","ENSG00000181472","false","ENSG00000181472"
"1","ENSG00000184678","false","ENSG00000184678"
"1","ENSG00000142453","false","ENSG00000142453"
"1","ENSG00000196199","false","ENSG00000196199"
"1","ENSG00000180530","false","ENSG00000180530"
"1","ENSG00000124151","false","ENSG00000124151"
"1","ENSG00000135316","false","ENSG00000135316"
"2","ENSG00000143437","false","ENSG00000143437"
"1","ENSG00000148835","false","ENSG00000148835"
"1","ENSG00000187555","false","ENSG00000187555"
"2","ENSG00000185666","false","ENSG00000185666"
"3","ENSG00000143207","false","ENSG00000143207"
"2","ENSG00000008405","false","ENSG00000008405"
"2","ENSG00000105514","false","ENSG00000105514"
"2","ENSG00000175387","false","ENSG00000175387"
"2","ENSG00000151136","false","ENSG00000151136"
"2","ENSG00000025039","false","ENSG00000025039"
"2","ENSG00000182606","false","ENSG00000182606"
"2","ENSG00000166949","false","ENSG00000166949"
"1","ENSG00000066044","false","ENSG00000066044"
"2","ENSG00000143878","false","ENSG00000143878"
"2","ENSG00000139190","false","ENSG00000139190"
"2","ENSG00000007372","false","ENSG00000007372"
"2","ENSG00000072415","false","ENSG00000072415"
"2","ENSG00000197386","false","ENSG00000197386"
"2","ENSG00000135333","false","ENSG00000135333"
"1","ENSG00000147140","false","ENSG00000147140"
"1","ENSG00000172869","false","ENSG00000172869"
"1","ENSG00000163728","false","ENSG00000163728"
"2","ENSG00000141646","false","ENSG00000141646"
"1","ENSG00000106462","false","ENSG00000106462"
"2","ENSG00000154001","false","ENSG00000154001"
"2","ENSG00000007866","false","ENSG00000007866"
"2","ENSG00000160007","false","ENSG00000160007"
"2","ENSG00000217128","false","ENSG00000217128"
"2","ENSG00000087053","false","ENSG00000087053"
"2","ENSG00000119729","false","ENSG00000119729"
"2","ENSG00000125249","false","ENSG00000125249"
"2","ENSG00000147251","false","ENSG00000147251"
"2","ENSG00000011566","false","ENSG00000011566"
"2","ENSG00000158773","false","ENSG00000158773"
"2","ENSG00000162409","false","ENSG00000162409"
"2","ENSG00000125398","false","ENSG00000125398"
"2","ENSG00000136111","false","ENSG00000136111"
"2","ENSG00000115020","false","ENSG00000115020"
"2","ENSG00000137269","false","ENSG00000137269"
"1","ENSG00000136518","false","ENSG00000136518"
"1","ENSG00000198730","false","ENSG00000198730"
"1","ENSG00000104824","false","ENSG00000104824"
"2","ENSG00000172007","false","ENSG00000172007"
"2","ENSG00000137145","false","ENSG00000137145"
"1","ENSG00000108510","false","ENSG00000108510"
"2","ENSG00000124209","false","ENSG00000124209"
"2","ENSG00000107099","false","ENSG00000107099"
"2","ENSG00000105649","false","ENSG00000105649"
"1","ENSG00000123066","false","ENSG00000123066"
"2","ENSG00000116106","false","ENSG00000116106"
"1","ENSG00000177889","false","ENSG00000177889"
"1","ENSG00000101557","false","ENSG00000101557"
"2","ENSG00000102606","false","ENSG00000102606"
"1","ENSG00000139372","false","ENSG00000139372"
"1","ENSG00000066135","false","ENSG00000066135"
"2","ENSG00000116574","false","ENSG00000116574"
"2","ENSG00000066027","false","ENSG00000066027"
"1","ENSG00000127663","false","ENSG00000127663"
"2","ENSG00000188130","false","ENSG00000188130"
"2","ENSG00000165322","false","ENSG00000165322"
"2","ENSG00000178764","false","ENSG00000178764"
"2","ENSG00000108061","false","ENSG00000108061"
"2","ENSG00000177169","false","ENSG00000177169"
"2","ENSG00000168461","false","ENSG00000168461"
"2","ENSG00000078295","false","ENSG00000078295"
"2","ENSG00000143924","false","ENSG00000143924"
"2","ENSG00000114346","false","ENSG00000114346"
"2","ENSG00000169891","false","ENSG00000169891"
"2","ENSG00000204217","false","ENSG00000204217"
"2","ENSG00000100030","false","ENSG00000100030"
"2","ENSG00000144118","false","ENSG00000144118"
"2","ENSG00000183826","false","ENSG00000183826"
"2","ENSG00000156052","false","ENSG00000156052"
"2","ENSG00000154310","false","ENSG00000154310"
"2","ENSG00000072062","false","ENSG00000072062"
"2","ENSG00000100852","false","ENSG00000100852"
"2","ENSG00000150672","false","ENSG00000150672"
"2","ENSG00000119541","false","ENSG00000119541"
"2","ENSG00000185386","false","ENSG00000185386"
"1","ENSG00000196591","false","ENSG00000196591"
"2","ENSG00000187079","false","ENSG00000187079"
"2","ENSG00000141968","false","ENSG00000141968"
"2","ENSG00000113448","false","ENSG00000113448"
"2","ENSG00000134278","false","ENSG00000134278"
"2","ENSG00000188559","false","ENSG00000188559"
"3","ENSG00000221978","false","ENSG00000221978"
"2","ENSG00000119396","false","ENSG00000119396"
"2","ENSG00000116954","false","ENSG00000116954"
"3","ENSG00000156599","false","ENSG00000156599"
"2","ENSG00000141503","false","ENSG00000141503"
"1","ENSG00000107077","false","ENSG00000107077"
"1","ENSG00000070770","false","ENSG00000070770"
"2","ENSG00000149970","false","ENSG00000149970"
"2","ENSG00000017797","false","ENSG00000017797"
"2","ENSG00000111664","false","ENSG00000111664"
"2","ENSG00000123728","false","ENSG00000123728"
"2","ENSG00000124782","false","ENSG00000124782"
"2","ENSG00000172780","false","ENSG00000172780"
"1","ENSG00000100297","false","ENSG00000100297"
"2","ENSG00000123374","false","ENSG00000123374"
"2","ENSG00000166016","false","ENSG00000166016"
"2","ENSG00000181467","false","ENSG00000181467"
"1","ENSG00000139687","false","ENSG00000139687"
"2","ENSG00000115091","false","ENSG00000115091"
"2","ENSG00000197905","false","ENSG00000197905"
"1","ENSG00000174579","false","ENSG00000174579"
"2","ENSG00000169213","false","ENSG00000169213"
"3","ENSG00000064393","false","ENSG00000064393"
"2","ENSG00000213281","false","ENSG00000213281"
"1","ENSG00000104408","false","ENSG00000104408"
"1","ENSG00000131051","false","ENSG00000131051"
"2","ENSG00000088256","false","ENSG00000088256"
"2","ENSG00000163558","false","ENSG00000163558"
"2","ENSG00000133818","false","ENSG00000133818"
"1","ENSG00000170471","false","ENSG00000170471"
"2","ENSG00000078142","false","ENSG00000078142"
"2","ENSG00000067606","false","ENSG00000067606"
"2","ENSG00000006451","false","ENSG00000006451"
"2","ENSG00000105723","false","ENSG00000105723"
"2","ENSG00000081803","false","ENSG00000081803"
"1","ENSG00000119048","false","ENSG00000119048"
"2","ENSG00000128340","false","ENSG00000128340"
"2","ENSG00000114349","false","ENSG00000114349"
"1","ENSG00000182247","false","ENSG00000182247"
"2","ENSG00000027075","false","ENSG00000027075"
"2","ENSG00000120805","false","ENSG00000120805"
"2","ENSG00000124198","false","ENSG00000124198"
"2","ENSG00000061987","false","ENSG00000061987"
"2","ENSG00000158623","false","ENSG00000158623"
"2","ENSG00000111540","false","ENSG00000111540"
"2","ENSG00000006125","false","ENSG00000006125"
"2","ENSG00000113575","false","ENSG00000113575"
"2","ENSG00000155980","false","ENSG00000155980"
"2","ENSG00000038382","false","ENSG00000038382"
"2","ENSG00000143545","false","ENSG00000143545"
"2","ENSG00000151693","false","ENSG00000151693"
"2","ENSG00000128512","false","ENSG00000128512"
"2","ENSG00000131437","false","ENSG00000131437"
"2","ENSG00000100266","false","ENSG00000100266"
"2","ENSG00000080371","false","ENSG00000080371"
"1","ENSG00000183878","false","ENSG00000183878"
"2","ENSG00000127314","false","ENSG00000127314"
"2","ENSG00000166128","false","ENSG00000166128"
"2","ENSG00000113319","false","ENSG00000113319"
"2","ENSG00000185236","false","ENSG00000185236"
"2","ENSG00000164885","false","ENSG00000164885"
"2","ENSG00000150760","false","ENSG00000150760"
"2","ENSG00000058272","false","ENSG00000058272"
"2","ENSG00000147459","false","ENSG00000147459"
"2","ENSG00000044115","false","ENSG00000044115"
"2","ENSG00000107862","false","ENSG00000107862"
"2","ENSG00000173482","false","ENSG00000173482"
"2","ENSG00000141252","false","ENSG00000141252"
"2","ENSG00000141564","false","ENSG00000141564"
"2","ENSG00000169750","false","ENSG00000169750"
"2","ENSG00000101246","false","ENSG00000101246"
"1","ENSG00000170142","false","ENSG00000170142"
"2","ENSG00000145362","false","ENSG00000145362"
"2","ENSG00000066777","false","ENSG00000066777"
"2","ENSG00000197283","false","ENSG00000197283"
"2","ENSG00000180815","false","ENSG00000180815"
"2","ENSG00000106367","false","ENSG00000106367"
"2","ENSG00000100280","false","ENSG00000100280"
"2","ENSG00000161681","false","ENSG00000161681"
"2","ENSG00000067560","false","ENSG00000067560"
"2","ENSG00000107796","false","ENSG00000107796"
"2","ENSG00000124313","false","ENSG00000124313"
"2","ENSG00000125733","false","ENSG00000125733"
"2","ENSG00000102882","false","ENSG00000102882"
"1","ENSG00000166446","false","ENSG00000166446"
"2","ENSG00000173801","false","ENSG00000173801"
"1","ENSG00000153201","false","ENSG00000153201"
"2","ENSG00000110328","false","ENSG00000110328"
"2","ENSG00000105221","false","ENSG00000105221"
"2","ENSG00000128594","false","ENSG00000128594"
"2","ENSG00000196405","false","ENSG00000196405"
"1","ENSG00000103035","false","ENSG00000103035"
"2","ENSG00000140943","false","ENSG00000140943"
"2","ENSG00000114353","false","ENSG00000114353"
"1","ENSG00000100982","false","ENSG00000100982"
"2","ENSG00000162849","false","ENSG00000162849"
"2","ENSG00000084733","false","ENSG00000084733"
"2","ENSG00000165527","false","ENSG00000165527"
"2","ENSG00000108443","false","ENSG00000108443"
"2","ENSG00000145715","false","ENSG00000145715"
"2","ENSG00000167657","false","ENSG00000167657"
"2","ENSG00000078053","false","ENSG00000078053"
"1","ENSG00000015568","false","ENSG00000015568"
"2","ENSG00000111737","false","ENSG00000111737"
"1","ENSG00000125970","false","ENSG00000125970"
"2","ENSG00000138193","false","ENSG00000138193"
"2","ENSG00000114450","false","ENSG00000114450"
"1","ENSG00000184634","false","ENSG00000184634"
"2","ENSG00000144566","false","ENSG00000144566"
"2","ENSG00000104388","false","ENSG00000104388"
"2","ENSG00000196730","false","ENSG00000196730"
"2","ENSG00000142627","false","ENSG00000142627"
"2","ENSG00000111490","false","ENSG00000111490"
"2","ENSG00000134516","false","ENSG00000134516"
"2","ENSG00000103043","false","ENSG00000103043"
"2","ENSG00000180370","false","ENSG00000180370"
"1","ENSG00000132341","false","ENSG00000132341"
"2","ENSG00000103769","false","ENSG00000103769"
"2","ENSG00000144711","false","ENSG00000144711"
"2","ENSG00000107130","false","ENSG00000107130"
"2","ENSG00000196712","false","ENSG00000196712"
"2","ENSG00000095015","false","ENSG00000095015"
"2","ENSG00000132612","false","ENSG00000132612"
"2","ENSG00000073969","false","ENSG00000073969"
"3","ENSG00000120159","false","ENSG00000120159"
"2","ENSG00000186260","false","ENSG00000186260"
"1","ENSG00000163602","false","ENSG00000163602"
"2","ENSG00000175634","false","ENSG00000175634"
"2","ENSG00000204628","false","ENSG00000204628"
"2","ENSG00000134287","false","ENSG00000134287"
"2","ENSG00000126934","false","ENSG00000126934"
"2","ENSG00000104695","false","ENSG00000104695"
"2","ENSG00000196277","false","ENSG00000196277"
"2","ENSG00000170759","false","ENSG00000170759"
"1","ENSG00000156976","false","ENSG00000156976"
"2","ENSG00000151150","false","ENSG00000151150"
"3","ENSG00000164068","false","ENSG00000164068"
"2","ENSG00000106617","false","ENSG00000106617"
"2","ENSG00000132842","false","ENSG00000132842"
"2","ENSG00000075785","false","ENSG00000075785"
"2","ENSG00000160293","false","ENSG00000160293"
"2","ENSG00000058091","false","ENSG00000058091"
"2","ENSG00000142186","false","ENSG00000142186"
"2","ENSG00000159251","false","ENSG00000159251"
"2","ENSG00000088538","false","ENSG00000088538"
"2","ENSG00000196535","false","ENSG00000196535"
"2","ENSG00000154917","false","ENSG00000154917"
"2","ENSG00000171132","false","ENSG00000171132"
"2","ENSG00000103197","false","ENSG00000103197"
"2","ENSG00000068796","false","ENSG00000068796"
"1","ENSG00000161960","false","ENSG00000161960"
"1","ENSG00000153046","false","ENSG00000153046"
"2","ENSG00000163618","false","ENSG00000163618"
"2","ENSG00000213047","false","ENSG00000213047"
"2","ENSG00000168118","false","ENSG00000168118"
"2","ENSG00000138814","false","ENSG00000138814"
"2","ENSG00000186716","false","ENSG00000186716"
"2","ENSG00000133083","false","ENSG00000133083"
"1","ENSG00000070756","false","ENSG00000070756"
"2","ENSG00000184432","false","ENSG00000184432"
"2","ENSG00000129472","false","ENSG00000129472"
"2","ENSG00000144635","false","ENSG00000144635"
"2","ENSG00000167461","false","ENSG00000167461"
"2","ENSG00000069329","false","ENSG00000069329"
"2","ENSG00000138674","false","ENSG00000138674"
"2","ENSG00000115904","false","ENSG00000115904"
"2","ENSG00000121905","false","ENSG00000121905"
"1","ENSG00000077721","false","ENSG00000077721"
"1","ENSG00000125686","false","ENSG00000125686"
"1","ENSG00000149923","false","ENSG00000149923"
"1","ENSG00000013275","false","ENSG00000013275"
"2","ENSG00000172354","false","ENSG00000172354"
"2","ENSG00000035403","false","ENSG00000035403"
"1","ENSG00000112983","false","ENSG00000112983"
"1","ENSG00000169375","false","ENSG00000169375"
"2","ENSG00000108953","false","ENSG00000108953"
"2","ENSG00000116473","false","ENSG00000116473"
"1","ENSG00000183054","false","ENSG00000183054"
"2","ENSG00000139436","false","ENSG00000139436"
"2","ENSG00000174903","false","ENSG00000174903"
"2","ENSG00000154928","false","ENSG00000154928"
"2","ENSG00000004059","false","ENSG00000004059"
